Week,Day,Date,Time,Home,xG_H,Score,xG_A,Away,Attendance,Venue,Referee,Possession_H,Possession_A,PassCompleted_H,PassTotal_H,PassCompleted_A,PassTotal_A,ShotsTarget_H,ShotsTotal_H,ShotsTarget_A,ShotsTotal_A,SaveCompleted_H,SaveTotal_H,SaveCompleted_A,SaveTotal_A,Fouls_H,Fouls_A,Corners_H,Corners_A,Crosses_H,Crosses_A,Touches_H,Touches_A,Tackles_H,Tackles_A,Interceptions_H,Interceptions_A,Aerials_H,Aerial_A,Clearances_H,Clearances_A,Offsides_H,Offsides_A,Goal_Kicks_H,Goal_Kicks_A,Throw_Ins_H,Throw_Ins_A,Long_Balls_H,Long_Balls_A
1,Sat,2024-04-13,18:30,Internacional,1.9,2–1,0.7,Bahia,"19,103",Estádio José Pinheiro Borba,,52%,48%,464,561,417,509,9,17,4,9,3,4,7,9,21,13,6,3,26,12,661,611,25,10,11,9,27,8,10,21,3,2,5,5,17,20,70,56
1,Sat,2024-04-13,18:30,Criciúma,0.7,1–1,0.6,Juventude,"12,804",Estádio Heriberto Hülse,,47%,53%,366,460,404,515,3,10,4,15,3,4,2,3,11,15,0,4,10,25,575,629,13,20,11,7,13,12,15,13,3,4,12,5,20,18,65,68
1,Sun,2024-04-14,16:00,Vasco da Gama,0.9,2–1,1.2,Grêmio,"17,722",Estádio Club de Regatas Vasco da Gama,Flavio Rodrigues de Souza,47%,53%,410,490,462,546,3,15,2,9,1,2,1,3,19,10,3,5,20,17,614,646,26,12,6,8,17,11,24,15,1,1,6,6,19,22,55,43
1,Sun,2024-04-14,16:00,Ath Paranaense,2.0,4–0,0.3,Cuiabá,"21,388",Ligga Arena,,62%,38%,539,629,319,384,9,20,0,1,0,0,5,9,16,9,7,0,23,4,710,502,14,9,10,11,13,7,2,29,2,1,3,11,19,8,67,45
1,Sun,2024-04-14,16:00,Atl Goianiense,1.6,1–2,1.2,Flamengo,"31,617",Estádio do Governo do Estado de Goiás,,33%,67%,168,249,431,512,4,10,1,14,0,1,3,4,12,12,4,4,18,18,342,588,11,8,3,6,15,17,20,14,2,1,11,5,18,17,56,58
1,Sun,2024-04-14,16:00,Corinthians,0.5,0–0,0.3,Atlético Mineiro,"44,285",Neo Química Arena,,47%,53%,298,389,335,430,2,14,3,8,3,3,2,2,16,14,3,3,22,9,496,531,11,11,14,9,12,20,12,21,0,2,7,10,18,18,62,58
1,Sun,2024-04-14,17:00,Cruzeiro,1.6,3–2,2.0,Botafogo (RJ),"20,701",Estádio Governador Magalhães Pinto,,55%,45%,358,444,279,357,5,15,3,6,1,3,2,5,12,11,6,3,24,8,541,462,14,12,8,9,12,11,11,28,2,0,4,10,15,25,61,51
1,Sun,2024-04-14,18:30,Vitória,1.4,0–1,0.8,Palmeiras,"30,644",Estádio Manoel Barradas,,56%,44%,358,440,257,344,5,13,4,15,3,4,5,5,12,15,3,9,19,20,536,458,15,27,8,7,15,18,22,15,2,3,11,6,16,10,40,59
1,Sat,2024-04-13,21:00,São Paulo,0.5,1–2,0.4,Fortaleza,"35,055",Estádio do Morumbi,,72%,28%,650,762,199,302,5,14,2,6,0,2,4,5,10,14,11,4,34,6,873,426,15,25,10,3,24,10,6,27,2,1,4,7,33,19,82,80
1,Sat,2024-04-13,21:00,Fluminense,1.8,2–2,1.2,RB Bragantino,"17,645",Estadio Jornalista Mário Filho,,69%,31%,489,582,174,267,11,26,8,16,6,8,9,11,8,19,13,6,31,19,704,397,5,28,7,6,20,15,20,30,0,0,10,10,25,18,59,63
2,Wed,2024-04-17,19:00,RB Bragantino,0.9,2–1,1.2,Vasco da Gama,"5,448",Estádio Nabi Abi Chedid,Paulo Zanovelli,41%,59%,259,363,420,527,5,17,3,13,2,3,3,5,14,15,4,6,14,36,478,639,10,14,9,15,20,28,34,21,0,3,9,9,23,21,63,71
2,Wed,2024-04-17,19:00,Grêmio,1.1,2–0,0.2,Ath Paranaense,"13,236",Arena do Grêmio,,48%,52%,361,468,389,500,7,14,0,4,0,0,5,7,7,13,9,2,14,11,570,605,12,14,5,3,15,17,22,30,0,1,4,6,19,15,72,61
2,Wed,2024-04-17,20:00,Palmeiras,1.4,0–1,1.1,Internacional,"13,464",Allianz Parque,,64%,36%,426,538,211,306,3,18,2,4,1,2,3,3,17,21,6,2,27,2,631,427,12,16,12,9,21,15,5,34,4,1,3,14,28,14,84,80
2,Wed,2024-04-17,20:00,Fortaleza,0.6,1–1,0.8,Cruzeiro,"21,726",Estádio Castelão,,39%,61%,245,332,429,511,3,14,5,14,4,5,2,3,13,10,7,5,23,16,441,596,14,15,8,5,11,15,19,19,0,2,8,6,12,11,62,46
2,Wed,2024-04-17,20:00,Juventude,1.6,2–0,1.1,Corinthians,"7,478",Estádio Alfredo Jaconi,,44%,56%,331,432,432,543,8,16,2,17,2,2,6,8,16,10,6,7,18,24,564,639,23,8,12,13,12,8,26,11,1,2,12,6,19,35,51,68
2,Wed,2024-04-17,20:00,Atlético Mineiro,1.0,1–1,0.3,Criciúma,"21,726",Arena MRV,,68%,32%,667,762,298,364,6,22,1,5,0,1,5,6,12,10,9,2,26,11,882,511,30,14,8,7,13,12,13,36,2,0,4,9,19,13,70,64
2,Tue,2024-04-16,21:30,Bahia,1.1,2–1,0.4,Fluminense,"23,080",Itaipava Arena Fonte Nova,,40%,60%,301,390,493,580,5,12,3,9,2,3,3,5,15,23,4,3,16,18,500,674,26,16,7,9,10,7,20,15,3,2,3,9,17,19,44,37
2,Wed,2024-04-17,21:30,Flamengo,1.3,2–1,0.7,São Paulo,"45,166",Estadio Jornalista Mário Filho,,47%,53%,350,440,415,501,6,12,3,10,2,3,4,6,19,19,9,1,11,16,538,598,13,14,10,13,15,15,17,21,1,2,6,5,20,18,77,50
2,Thu,2024-04-18,21:30,Botafogo (RJ),0.6,1–0,0.9,Atl Goianiense,"7,801",Estádio Nilton Santos,,52%,48%,406,497,351,455,4,13,3,12,3,3,3,4,13,11,8,8,16,27,618,567,14,15,8,8,12,26,33,17,1,2,5,8,11,23,73,67
3,Sat,2024-04-20,16:00,Fluminense,1.3,2–1,1.9,Vasco da Gama,"25,842",Estadio Jornalista Mário Filho,Wilton Sampaio,57%,43%,496,583,340,436,8,11,5,21,4,5,6,8,16,17,2,7,18,24,707,535,17,20,7,11,5,18,16,12,1,4,10,4,13,19,52,61
3,Sat,2024-04-20,18:30,RB Bragantino,0.5,1–0,1.2,Corinthians,"9,466",Estádio Nabi Abi Chedid,,35%,65%,175,305,428,557,3,10,4,15,4,4,2,3,21,10,3,4,9,28,413,671,16,13,4,13,23,20,27,14,0,4,11,6,19,26,82,78
3,Sat,2024-04-20,18:30,Grêmio,0.6,1–0,1.3,Cuiabá,"22,904",Arena do Grêmio,,57%,43%,500,583,346,442,4,7,3,14,3,3,3,4,10,5,3,4,13,19,708,541,15,19,9,6,15,9,22,12,0,0,8,4,23,20,61,69
3,Sun,2024-04-21,16:00,Vitória,1.6,2–2,2.5,Bahia,"27,609",Estádio Manoel Barradas,,42%,58%,328,415,479,563,8,13,7,20,5,7,6,8,12,13,2,7,13,21,514,656,19,12,8,5,8,20,28,15,6,2,4,4,15,15,59,61
3,Sun,2024-04-21,16:00,Ath Paranaense,0.8,1–0,1.6,Internacional,"29,784",Ligga Arena,,46%,54%,293,388,371,458,3,13,3,20,3,3,2,3,16,15,5,3,17,14,488,566,12,18,10,8,22,12,15,18,0,1,12,10,18,15,74,68
3,Sun,2024-04-21,16:00,Palmeiras,0.4,0–0,0.2,Flamengo,"29,956",Allianz Parque,,50%,50%,288,393,302,400,1,12,3,8,3,3,1,1,23,14,6,5,20,15,487,496,14,18,9,5,17,15,11,18,3,0,5,11,26,14,91,67
3,Sun,2024-04-21,18:30,Atl Goianiense,0.2,0–3,1.7,São Paulo,"8,024",Estádio Antônio Accioly,,35%,65%,268,354,570,656,1,9,6,18,4,6,1,1,13,9,4,3,19,16,443,747,6,12,5,8,11,24,23,19,0,2,7,6,16,10,68,69
3,Sun,2024-04-21,18:30,Botafogo (RJ),2.9,5–1,0.3,Juventude,"13,273",Estádio Municipal Nílton Santos,,55%,45%,463,524,362,430,5,12,1,12,0,1,1,5,22,10,5,4,17,17,625,524,19,19,6,6,11,6,20,13,1,1,3,6,15,24,56,54
3,Sat,2024-04-20,21:00,Atlético Mineiro,1.1,3–0,0.8,Cruzeiro,"39,541",Arena MRV,,56%,44%,519,602,397,481,4,9,2,10,2,2,1,4,15,17,4,4,19,19,694,575,18,14,14,7,15,12,18,18,1,2,2,1,16,20,84,49
4,Sat,2024-04-27,16:00,Vasco da Gama,1.9,0–4,1.4,Criciúma,"17,124",Estádio Club de Regatas Vasco da Gama,Caio Max Augusto Vieira,58%,42%,477,553,343,403,4,20,10,17,6,10,4,4,13,7,5,4,25,9,645,530,16,10,8,5,9,16,8,34,0,2,4,13,18,14,60,52
4,Sat,2024-04-27,17:30 (18:30),Cuiabá,0.2,0–3,2.1,Atlético Mineiro,"6,711",Arena Pantanal,,34%,66%,252,317,558,624,1,4,4,11,2,4,1,1,11,17,3,10,10,25,404,703,14,9,10,8,9,9,17,12,2,1,4,3,15,10,55,71
4,Sun,2024-04-28,11:00,Flamengo,0.8,0–2,1.0,Botafogo (RJ),"53,683",Estadio Jornalista Mário Filho,,60%,40%,465,561,301,378,0,15,3,9,1,3,0,0,12,15,8,3,34,8,656,498,20,11,10,9,12,8,12,30,2,1,3,15,10,11,50,59
4,Sun,2024-04-28,16:00,Corinthians,1.2,3–0,0.4,Fluminense,"42,119",Neo Química Arena,,31%,69%,234,305,585,669,7,17,2,13,2,2,4,7,15,15,6,8,14,13,414,767,8,17,12,10,9,7,15,15,1,2,7,4,17,20,49,44
4,Sun,2024-04-28,16:00,Cruzeiro,1.2,3–1,0.3,Vitória,"20,083",Estádio Governador Magalhães Pinto,,53%,47%,429,519,374,453,6,15,3,8,3,3,3,6,12,6,10,4,27,17,612,552,31,15,5,9,12,11,11,17,0,0,5,13,16,26,65,51
4,Sun,2024-04-28,18:30,Fortaleza,1.7,1–1,0.5,RB Bragantino,"18,113",Estádio Castelão,,43%,57%,251,369,353,480,5,22,3,10,2,3,4,5,9,6,12,6,28,16,507,604,24,20,15,3,32,19,20,30,1,2,3,9,12,29,79,88
4,Sun,2024-04-28,18:30,Juventude,1.2,1–1,1.3,Ath Paranaense,"5,032",Estádio Alfredo Jaconi,,55%,45%,397,503,311,414,5,15,6,15,5,6,4,5,12,17,4,6,24,21,618,535,15,16,14,10,13,22,17,27,1,3,5,7,13,14,60,63
4,Sun,2024-04-28,20:00,Internacional,1.9,1–1,0.3,Atl Goianiense,"28,468",Estádio José Pinheiro Borba,,71%,29%,582,701,190,282,4,22,2,4,1,2,3,4,13,12,13,0,41,5,792,418,17,13,2,11,23,18,10,49,1,5,1,10,18,12,65,69
4,Sat,2024-04-27,21:00,Bahia,1.1,1–0,0.1,Grêmio,"35,836",Itaipava Arena Fonte Nova,,60%,40%,571,663,373,447,4,14,2,3,2,2,3,4,10,15,4,0,17,4,766,555,25,18,7,16,10,9,16,14,1,2,3,8,21,21,48,46
4,Mon,2024-04-29,20:00,São Paulo,0.9,0–0,0.8,Palmeiras,"55,694",Estádio do Morumbi,,57%,43%,376,477,270,362,1,16,2,9,2,2,1,1,10,20,6,4,17,10,583,473,19,15,10,14,16,12,15,15,2,3,4,9,21,18,61,57
5,Sat,2024-05-04,16:00,Fluminense,1.8,2–2,1.3,Atlético Mineiro,"5,168",Estádio Kleber José de Andrade,,43%,57%,282,379,395,502,5,11,7,19,5,7,3,5,11,18,4,10,4,29,536,639,24,37,5,14,11,20,24,8,0,3,6,3,22,26,64,60
5,Sat,2024-05-04,18:30,RB Bragantino,0.6,1–1,1.8,Flamengo,"9,917",Estádio Nabi Abi Chedid,,44%,56%,243,357,347,454,3,18,6,19,5,6,2,3,17,10,8,4,26,14,487,606,15,16,9,9,22,18,25,37,0,1,9,7,26,18,72,79
5,Sun,2024-05-05,16:00,Vitória,0.2,1–3,2.9,São Paulo,"25,739",Estádio Manoel Barradas,,34%,66%,237,314,547,618,2,6,6,20,3,6,1,2,10,13,3,8,18,19,399,713,13,16,5,3,9,11,17,16,0,2,8,1,17,19,44,38
5,Sun,2024-05-05,16:00,Ath Paranaense,2.3,1–0,0.5,Vasco da Gama,"31,192",Ligga Arena,,56%,44%,451,527,319,412,7,26,1,7,1,1,6,7,11,9,6,5,25,14,644,508,19,18,11,8,16,18,18,29,3,3,5,17,19,18,52,70
5,Sun,2024-05-05,17:30 (18:30),Cuiabá,0.4,0–2,1.8,Palmeiras,"10,781",Arena Pantanal,,45%,55%,341,421,429,524,1,9,5,14,4,5,1,1,10,11,6,6,21,24,527,620,12,16,9,3,15,13,31,16,2,1,8,8,9,23,51,77
5,Sun,2024-05-05,18:30,Botafogo (RJ),0.8,1–2,2.8,Bahia,"22,685",Estádio Nilton Santos,,56%,44%,503,586,385,463,5,16,3,9,2,3,4,5,10,5,5,1,20,7,670,566,12,11,8,17,8,9,10,25,6,0,4,12,25,13,60,48
5,Sat,2024-05-04,21:00,Corinthians,1.9,0–0,1.1,Fortaleza,"42,456",Neo Química Arena,,64%,36%,475,578,231,323,9,18,2,12,2,2,9,9,14,17,9,5,26,15,676,431,10,14,5,7,21,4,14,20,0,3,9,10,21,18,67,74
6,Sat,2024-05-11,16:00,Flamengo,1.7,2–0,1.6,Corinthians,"56,829",Estadio Jornalista Mário Filho,,58%,42%,445,550,326,406,9,18,3,13,3,3,7,9,12,16,13,6,27,17,660,540,19,16,8,5,9,20,16,45,1,1,6,6,18,21,73,53
6,Sun,2024-05-12,16:00,Fortaleza,0.6,1–1,0.6,Botafogo (RJ),"15,914",Estádio Castelão,,43%,57%,308,399,435,521,3,10,5,11,4,5,2,3,12,19,6,5,22,15,487,628,20,20,6,6,12,19,15,26,5,0,11,7,17,11,54,55
6,Sun,2024-05-12,16:00,Atl Goianiense,1.5,0–1,0.5,Cruzeiro,"7,576",Estádio Antônio Accioly,,46%,54%,318,422,377,486,5,17,4,12,3,4,5,5,13,10,5,5,24,13,535,599,16,17,4,6,12,19,21,29,0,2,5,8,21,19,100,86
6,Sun,2024-05-12,16:00,Palmeiras,1.7,0–2,0.9,Ath Paranaense,"12,108",Arena Barueri,,62%,38%,376,459,196,281,4,22,6,11,5,6,4,4,11,17,9,6,29,5,577,380,15,18,9,6,20,15,10,30,1,1,3,16,13,17,47,72
6,Sun,2024-05-12,18:30,Vasco da Gama,1.7,2–1,1.7,Vitória,"11,084",Estádio Club de Regatas Vasco da Gama,,56%,44%,486,568,345,444,8,17,5,13,4,5,6,8,12,12,4,4,21,24,705,549,27,19,8,8,17,10,22,16,1,0,6,3,17,28,57,47
6,Sun,2024-05-12,18:30,Bahia,0.8,1–0,0.5,RB Bragantino,"36,820",Itaipava Arena Fonte Nova,,49%,51%,339,437,340,446,3,8,5,15,5,5,2,3,12,15,6,7,14,18,552,554,17,23,14,10,19,11,27,11,4,3,9,1,21,24,68,67
6,Mon,2024-05-13,20:00,São Paulo,1.8,2–1,0.6,Fluminense,"39,515",Estádio do Morumbi,,50%,50%,374,450,384,459,8,15,2,7,2,2,6,8,15,12,7,4,22,18,557,552,24,11,10,6,8,6,21,18,4,0,4,4,18,16,53,48
7,Sat,2024-06-01,16:00,Vitória,0.6,0–2,1.4,Atl Goianiense,"16,008",Estádio Manoel Barradas,,34%,66%,252,337,577,653,3,12,5,12,3,5,3,3,7,9,3,4,14,15,418,764,8,15,7,13,16,12,19,18,0,1,4,4,20,19,57,58
7,Sat,2024-06-01,16:00,Grêmio,0.8,0–2,1.4,RB Bragantino,"7,563",Estádio Major Antônio Couto Pereira,,45%,55%,313,438,427,526,1,9,3,13,2,3,1,1,16,19,6,0,18,3,549,673,26,39,10,11,15,13,6,28,0,1,8,3,37,17,74,71
7,Sat,2024-06-01,17:30 (18:30),Cuiabá,0.4,0–1,1.0,Internacional,"5,747",Arena Pantanal,,37%,63%,229,316,448,537,3,8,2,9,1,2,3,3,12,21,0,2,16,16,400,625,16,9,2,5,16,13,20,8,4,1,8,3,17,18,52,71
7,Sat,2024-06-01,18:30,Fluminense,2.3,1–1,1.3,Juventude,"21,037",Estadio Jornalista Mário Filho,,62%,38%,539,604,294,374,3,16,4,12,3,4,3,3,13,19,5,3,21,12,717,484,10,29,8,13,9,8,10,15,1,3,8,9,17,14,56,38
7,Sun,2024-06-02,16:00,Criciúma,1.2,1–2,2.7,Palmeiras,"19,027",Estádio Heriberto Hülse,,39%,61%,223,312,375,489,4,12,4,22,3,4,3,4,17,9,4,6,16,32,433,586,13,17,10,9,4,12,26,14,0,1,12,9,12,19,55,74
7,Sun,2024-06-02,16:00,Atlético Mineiro,1.0,1–1,0.4,Bahia,"37,994",Arena MRV,,64%,36%,532,625,269,356,4,21,2,9,1,2,3,4,13,9,5,4,25,13,720,450,19,11,10,3,15,13,17,21,6,0,5,15,13,15,60,58
7,Sun,2024-06-02,16:00,Vasco da Gama,0.1,1–6,3.8,Flamengo,"62,228",Estadio Jornalista Mário Filho,Braulio Machado,27%,73%,175,255,630,693,2,2,18,30,12,18,1,2,18,6,1,8,12,18,343,796,19,8,7,6,12,15,24,14,1,1,5,2,11,20,53,36
7,Sun,2024-06-02,18:30,São Paulo,0.6,2–0,0.6,Cruzeiro,"44,928",Estádio do Morumbi,,55%,45%,543,614,425,494,4,11,3,10,3,3,2,4,18,11,4,2,17,9,696,580,16,7,10,8,5,6,10,16,0,1,9,8,9,19,67,37
7,Sun,2024-06-02,18:30,Fortaleza,1.3,1–0,0.7,Ath Paranaense,"12,191",Estádio Municipal Presidente Getúlio Var...,,52%,48%,361,465,332,428,4,11,2,15,2,2,3,4,12,17,2,4,14,17,585,555,24,19,5,13,15,21,23,20,0,2,11,7,19,19,87,73
7,Sat,2024-06-01,21:00,Corinthians,0.7,0–1,1.1,Botafogo (RJ),"41,281",Neo Química Arena,,53%,47%,393,503,336,449,7,16,2,9,1,2,7,7,7,16,2,5,20,21,615,566,16,20,7,9,12,11,20,27,3,2,7,7,25,27,81,74
2,Wed,2024-06-05,19:00 (20:00),Cuiabá,0.4,0–0,1.0,Vitória,"3,614",Arena Pantanal,,54%,46%,399,493,336,425,0,11,4,13,4,4,0,0,19,14,4,3,21,21,593,534,14,10,13,16,19,17,17,22,1,1,11,5,19,21,63,55
5,Wed,2024-06-05,19:00,Juventude,1.3,1–0,1.6,Atl Goianiense,"5,123",Estádio Alfredo Jaconi,,42%,58%,286,393,434,546,2,8,5,22,5,5,1,2,13,12,4,7,21,23,512,651,19,13,18,9,22,23,26,17,1,1,11,9,17,29,74,80
6,Sun,2024-06-09,16:00,Criciúma,1.8,2–5,1.5,Cuiabá,"13,846",Estádio Heriberto Hülse,,62%,38%,465,569,264,356,8,23,7,13,2,7,6,8,10,13,6,2,35,16,671,479,15,18,13,11,20,7,12,28,5,0,5,9,21,17,57,67
8,Tue,2024-06-11,19:00,Juventude,0.7,1–1,0.5,Vitória,"6,186",Estádio Alfredo Jaconi,,60%,40%,464,572,297,384,2,12,4,18,3,4,1,2,16,8,5,4,28,19,673,495,19,19,8,6,22,14,13,20,1,1,9,11,31,19,72,66
8,Tue,2024-06-11,19:00,Atl Goianiense,3.1,2–2,0.4,Corinthians,"1,208",Estádio Antônio Accioly,,73%,27%,484,578,136,219,6,21,3,7,1,3,6,6,12,13,3,4,32,13,687,344,12,13,8,13,10,18,11,42,1,0,3,12,24,12,67,67
8,Tue,2024-06-11,20:00,Botafogo (RJ),1.7,1–0,0.2,Fluminense,"27,239",Estádio Nilton Santos,,44%,56%,269,359,374,454,6,19,0,6,0,0,5,6,22,13,14,2,19,14,474,565,30,14,8,5,9,6,26,25,4,0,7,10,21,25,64,56
8,Tue,2024-06-11,21:30,RB Bragantino,1.2,1–2,1.0,Atlético Mineiro,"4,617",Estádio Nabi Abi Chedid,,55%,45%,364,467,265,379,5,15,4,10,2,4,4,5,17,18,8,5,20,18,578,478,12,20,9,12,22,14,24,18,1,2,4,8,21,15,72,96
8,Thu,2024-06-13,19:00,Cruzeiro,1.0,2–1,1.6,Cuiabá,"26,595",Estádio Governador Magalhães Pinto,,51%,49%,406,489,382,470,6,12,4,15,4,4,4,6,9,12,6,4,23,27,615,594,17,16,13,5,7,11,30,25,0,1,12,8,20,25,50,67
8,Thu,2024-06-13,20:00,Internacional,0.2,0–0,0.7,São Paulo,"17,987",Estádio Heriberto Hülse,,53%,47%,385,484,335,422,0,7,4,9,4,4,0,0,15,18,5,3,28,8,570,516,22,12,4,8,13,16,7,28,1,3,4,12,16,21,51,84
8,Thu,2024-06-13,20:00,Ath Paranaense,2.6,3–1,1.4,Criciúma,"23,424",Ligga Arena,,57%,43%,427,528,314,405,7,23,4,12,3,4,4,7,9,12,5,3,25,8,641,526,21,23,8,8,15,16,9,31,2,3,7,13,17,24,72,58
8,Thu,2024-06-13,20:00,Flamengo,1.0,2–1,1.0,Grêmio,"51,785",Estadio Jornalista Mário Filho,,42%,58%,352,411,501,575,6,16,5,15,4,5,4,6,9,10,4,6,13,15,548,669,22,17,5,6,16,8,29,10,0,0,6,9,14,19,51,63
8,Thu,2024-06-13,21:30,Palmeiras,2.3,2–0,0.2,Vasco da Gama,"37,641",Allianz Parque,Ramon Abatti,57%,43%,366,457,236,339,6,28,2,9,2,2,4,6,10,14,10,6,29,26,594,455,13,16,6,9,27,21,30,36,1,1,9,18,24,12,64,77
8,Thu,2024-06-13,21:30,Bahia,1.4,1–0,1.2,Fortaleza,"29,889",Itaipava Arena Fonte Nova,,53%,47%,443,538,379,475,3,12,6,21,6,6,2,3,14,9,5,9,15,26,648,579,15,11,5,4,12,12,30,16,0,6,6,6,9,21,41,70
9,Sat,2024-06-15,18:30,RB Bragantino,0.5,2–1,2.1,Juventude,"3,338",Estádio Nabi Abi Chedid,,37%,63%,246,340,496,588,2,6,6,14,5,6,0,2,12,12,1,1,9,13,443,684,19,14,5,6,13,24,15,16,0,5,8,5,29,26,82,53
9,Sun,2024-06-16,16:00,Corinthians,0.9,2–2,0.9,São Paulo,"46,129",Neo Química Arena,,40%,60%,309,381,475,562,8,16,7,12,6,7,6,8,15,10,9,5,23,18,507,665,20,22,10,7,17,15,26,20,1,1,5,7,16,19,43,54
9,Sun,2024-06-16,16:00,Vitória,1.5,2–1,1.2,Internacional,"14,251",Estádio Manoel Barradas,,41%,59%,299,401,487,585,3,10,5,15,4,5,2,3,6,16,4,2,17,21,529,709,25,29,12,7,22,14,19,20,3,2,7,6,34,24,53,66
9,Sun,2024-06-16,16:00,Ath Paranaense,1.8,1–1,0.6,Flamengo,"38,641",Ligga Arena,,48%,52%,327,410,346,444,2,13,6,9,5,6,2,2,11,11,5,9,21,19,517,539,14,9,9,11,13,10,22,23,0,2,8,12,14,12,70,60
9,Sun,2024-06-16,17:30 (18:30),Cuiabá,3.6,5–0,0.1,Fortaleza,"4,474",Arena Pantanal,,55%,45%,479,550,378,446,12,20,0,2,0,0,8,12,9,6,5,1,18,12,629,535,10,13,4,4,11,8,12,23,1,1,4,10,20,15,47,63
9,Sun,2024-06-16,18:30,Vasco da Gama,1.0,0–0,0.2,Cruzeiro,"11,275",Estádio Club de Regatas Vasco da Gama,Rafael Klein,50%,50%,311,430,321,436,4,14,2,8,2,2,4,4,11,11,5,5,24,16,530,546,22,16,8,7,25,17,16,26,0,3,4,9,28,25,92,59
9,Sun,2024-06-16,18:30,Criciúma,1.9,2–2,0.8,Bahia,"8,661",Estádio Heriberto Hülse,,33%,67%,174,277,463,558,5,17,6,22,4,6,3,5,14,13,6,7,23,19,385,663,8,10,9,11,15,15,24,18,4,1,11,5,20,14,71,45
9,Sun,2024-06-16,18:30,Grêmio,1.0,1–2,0.7,Botafogo (RJ),"15,595",Estádio Kleber José de Andrade,,45%,55%,352,452,450,543,3,15,5,14,3,5,2,3,12,11,7,4,23,15,556,669,14,17,5,6,17,13,23,29,0,0,5,9,19,21,63,70
9,Sat,2024-06-15,21:00,Fluminense,0.7,1–2,1.8,Atl Goianiense,"14,485",Estadio Jornalista Mário Filho,,56%,44%,504,608,366,481,5,9,7,17,5,7,4,5,10,12,3,3,13,20,732,586,8,23,12,7,16,20,19,14,1,1,8,9,25,18,60,73
9,Mon,2024-06-17,20:30,Atlético Mineiro,0.4,0–4,2.8,Palmeiras,"28,251",Arena MRV,,52%,48%,355,456,313,414,3,11,8,21,5,8,3,3,16,16,3,6,15,20,581,537,26,25,9,13,11,10,23,15,1,2,12,9,21,14,59,77
10,Wed,2024-06-19,19:00,Atl Goianiense,0.6,1–2,1.4,Criciúma,"6,478",Estádio Antônio Accioly,,50%,50%,388,508,399,515,1,12,7,19,5,7,0,1,10,11,5,1,23,14,615,619,14,16,12,5,20,22,11,26,1,4,7,12,19,23,91,94
10,Wed,2024-06-19,19:00,Botafogo (RJ),0.6,1–1,1.5,Ath Paranaense,"19,589",Estádio Nilton Santos,,62%,38%,469,563,270,347,1,8,6,16,5,6,0,1,13,14,5,9,25,18,662,471,18,18,6,9,12,17,25,36,1,2,12,12,22,14,63,76
10,Wed,2024-06-19,20:00,Juventude,1.3,2–0,0.3,Vasco da Gama,"4,838",Estádio Alfredo Jaconi,Paulo Zanovelli,54%,46%,394,489,310,412,5,14,2,6,2,2,3,5,13,18,5,4,21,21,587,500,16,13,9,9,19,15,16,15,1,5,4,10,20,17,76,74
10,Wed,2024-06-19,20:00,Fortaleza,1.7,1–0,1.0,Grêmio,"16,935",Estádio Castelão,,52%,48%,478,563,443,530,3,12,2,8,2,2,3,3,16,7,8,3,24,9,658,625,20,16,9,10,8,11,17,22,1,3,4,8,10,16,56,43
10,Wed,2024-06-19,20:00,São Paulo,0.9,0–1,0.5,Cuiabá,"33,586",Estádio do Morumbi,,66%,34%,589,675,269,353,4,15,3,11,2,3,4,4,5,16,4,6,32,15,788,457,13,17,4,6,14,12,14,25,3,0,9,14,17,17,59,67
10,Thu,2024-06-20,18:30,Vitória,1.5,4–2,1.9,Atlético Mineiro,"15,044",Estádio Manoel Barradas,,39%,61%,275,369,485,584,6,12,6,18,5,6,2,6,15,13,2,4,9,22,466,681,16,18,6,7,14,14,30,9,0,1,11,3,16,23,79,77
10,Thu,2024-06-20,20:00,Flamengo,1.1,2–1,0.8,Bahia,"49,909",Estadio Jornalista Mário Filho,,35%,65%,340,411,687,758,3,14,3,8,2,3,1,3,8,10,6,2,27,14,496,841,11,10,7,9,11,11,19,19,1,3,8,8,15,10,51,53
10,Wed,2024-06-19,21:30,Internacional,0.5,1–0,0.8,Corinthians,"14,447",Estádio Orlando Scarpelli,,47%,53%,303,400,340,445,5,11,3,13,3,3,4,5,17,13,3,7,15,25,529,555,37,17,9,6,11,13,33,19,4,1,9,5,20,26,59,78
10,Wed,2024-06-19,21:30,Cruzeiro,1.8,2–0,0.3,Fluminense,"28,812",Estádio Governador Magalhães Pinto,,35%,65%,279,362,599,676,4,16,4,9,4,4,3,4,16,11,6,5,17,14,449,787,22,17,4,7,5,8,17,17,3,0,10,8,10,24,59,56
10,Thu,2024-06-20,21:30,Palmeiras,3.1,2–1,1.4,RB Bragantino,"29,119",Allianz Parque,,42%,58%,252,366,397,507,7,24,3,13,2,3,5,7,10,9,10,3,24,13,485,631,27,11,10,10,9,14,13,27,5,2,12,10,22,19,86,52
11,Sat,2024-06-22,16:00,Criciúma,1.3,2–1,0.7,Botafogo (RJ),"16,256",Estádio Heriberto Hülse,,39%,61%,254,360,469,575,4,16,2,11,1,2,2,4,16,14,4,7,21,31,470,675,15,12,12,14,16,13,32,14,2,1,11,13,18,21,72,73
11,Sat,2024-06-22,17:30 (18:30),Cuiabá,0.9,0–0,0.8,Atl Goianiense,"4,635",Arena Pantanal,,53%,47%,380,484,332,424,3,10,9,18,9,9,3,3,9,12,5,4,19,17,562,523,6,15,3,8,20,12,17,31,0,1,7,11,24,15,83,76
11,Sat,2024-06-22,17:30,Grêmio,0.5,0–1,1.1,Internacional,"27,961",Estádio Major Antônio Couto Pereira,,58%,42%,423,547,295,392,2,10,1,16,1,1,2,2,12,11,5,4,24,16,646,534,16,21,8,12,23,19,14,35,1,0,7,6,24,10,87,64
11,Sun,2024-06-23,16:00,Fluminense,0.3,0–1,2.0,Flamengo,"57,098",Estadio Jornalista Mário Filho,,54%,46%,409,498,328,423,0,2,3,13,3,3,0,0,16,13,2,6,9,18,591,530,19,26,11,12,14,10,25,10,4,0,14,2,14,20,37,58
11,Sun,2024-06-23,16:00,Ath Paranaense,1.4,1–1,1.2,Corinthians,"34,682",Ligga Arena,,54%,46%,333,421,281,353,7,20,6,15,5,6,6,7,19,12,11,2,27,16,509,470,14,14,7,11,14,17,15,34,1,1,8,12,17,14,67,51
11,Sun,2024-06-23,16:00,Bahia,2.5,4–1,0.7,Cruzeiro,"35,541",Itaipava Arena Fonte Nova,,64%,36%,621,707,325,402,6,14,1,7,0,1,2,6,6,13,3,1,29,6,787,497,16,18,4,7,9,4,7,28,4,4,3,9,22,13,66,56
11,Sun,2024-06-23,18:30,Atlético Mineiro,0.9,1–1,1.3,Fortaleza,"20,089",Arena MRV,,66%,34%,467,567,193,294,8,21,3,13,2,3,7,8,15,17,3,4,29,11,680,427,22,19,5,7,23,14,10,33,1,0,11,8,20,21,63,82
11,Sun,2024-06-23,18:30,RB Bragantino,1.4,2–1,0.7,Vitória,"4,426",Estádio Nabi Abi Chedid,,63%,37%,507,608,263,357,6,16,5,10,4,5,4,6,10,11,6,7,22,20,718,476,18,14,8,6,16,28,16,25,2,4,5,9,27,24,65,78
11,Sun,2024-06-23,18:30,Palmeiras,2.9,3–1,1.4,Juventude,"38,258",Allianz Parque,,56%,44%,386,484,284,377,10,28,8,16,7,8,7,10,14,7,10,4,26,13,602,512,11,26,17,13,19,14,19,39,3,0,8,12,27,27,82,69
11,Sat,2024-06-22,21:30,Vasco da Gama,1.3,4–1,0.4,São Paulo,"4,897",Estádio Club de Regatas Vasco da Gama,Caio Max Augusto Vieira,41%,59%,302,383,455,543,7,14,2,10,1,2,4,7,13,14,2,8,19,30,511,659,30,18,6,6,14,17,30,25,0,1,8,5,20,17,57,59
12,Wed,2024-06-26,19:00,Botafogo (RJ),0.6,2–1,1.5,RB Bragantino,"13,333",Estádio Nilton Santos,,49%,51%,349,459,369,478,4,12,6,13,5,6,2,4,13,12,7,4,21,21,551,580,15,14,11,5,23,22,21,27,1,1,5,9,24,23,98,80
12,Wed,2024-06-26,19:00,Cruzeiro,1.9,2–0,0.7,Ath Paranaense,"26,465",Estádio Governador Magalhães Pinto,,50%,50%,406,492,407,499,7,22,3,14,3,3,5,7,8,6,7,12,20,34,638,623,25,20,4,11,12,14,37,22,1,0,9,14,19,14,49,73
12,Wed,2024-06-26,20:00,Corinthians,1.1,1–1,1.7,Cuiabá,"38,475",Neo Química Arena,,65%,35%,453,571,228,311,7,24,3,12,2,3,6,7,10,13,13,1,52,9,689,469,19,18,11,11,18,20,12,45,2,1,4,11,34,28,82,73
12,Wed,2024-06-26,20:00,Juventude,2.2,2–1,1.6,Flamengo,"12,675",Estádio Alfredo Jaconi,,53%,47%,471,559,414,505,8,15,5,9,4,5,6,8,9,10,7,8,25,22,662,598,21,10,6,9,13,6,25,12,4,2,1,7,17,16,66,61
12,Wed,2024-06-26,20:00,Atl Goianiense,1.7,1–1,0.4,Grêmio,"7,319",Estádio Antônio Accioly,,50%,50%,345,443,363,446,5,16,4,11,3,4,4,5,13,11,5,8,21,20,570,571,25,15,8,6,18,16,23,31,2,0,11,9,21,13,76,59
12,Thu,2024-06-27,19:00,Fluminense,0.3,0–1,0.5,Vitória,"24,269",Estadio Jornalista Mário Filho,,63%,37%,612,706,317,409,5,12,6,9,5,6,5,5,14,12,6,2,27,16,802,526,17,19,10,13,12,11,17,27,2,0,2,6,24,19,50,58
12,Thu,2024-06-27,20:00,São Paulo,0.5,2–1,1.5,Criciúma,"28,008",Estádio do Morumbi,,62%,38%,564,638,305,383,6,13,1,10,0,1,4,6,10,22,2,2,14,16,743,480,10,14,9,2,10,10,18,20,1,0,6,7,25,13,73,54
12,Wed,2024-06-26,21:30,Internacional,1.7,1–2,1.4,Atlético Mineiro,"9,978",Estádio Heriberto Hülse,,46%,54%,365,457,442,532,5,12,5,15,3,5,4,5,17,10,5,9,23,18,563,654,20,20,12,10,12,8,14,30,3,0,6,5,12,16,48,75
12,Wed,2024-06-26,21:30,Fortaleza,1.0,3–0,1.2,Palmeiras,"28,613",Estádio Castelão,,32%,68%,180,280,472,591,6,12,7,17,7,7,3,6,17,11,3,8,11,30,397,687,12,16,14,7,17,15,35,14,0,2,9,3,16,25,83,74
12,Wed,2024-06-26,21:30,Bahia,2.5,2–1,1.5,Vasco da Gama,"38,318",Itaipava Arena Fonte Nova,João Vitor Gobi,63%,37%,581,648,326,388,8,17,3,9,2,3,6,8,14,15,7,0,26,9,722,480,17,15,11,5,8,9,5,25,4,1,5,10,9,11,39,65
13,Sat,2024-06-29,17:30 (18:30),Cuiabá,0.2,1–1,0.3,RB Bragantino,"5,024",Arena Pantanal,,35%,65%,215,313,493,588,2,5,5,14,4,5,1,2,13,16,3,11,14,31,412,699,15,16,6,10,24,10,35,16,2,2,9,3,23,21,48,98
13,Sat,2024-06-29,18:30,Vasco da Gama,0.5,1–1,0.5,Botafogo (RJ),"15,593",Estádio Club de Regatas Vasco da Gama,Ramon Abatti,53%,47%,394,473,322,422,2,10,6,13,5,6,1,2,13,23,0,5,12,18,599,527,15,20,8,7,19,13,30,16,0,0,5,6,15,29,59,59
13,Sun,2024-06-30,11:00,Atlético Mineiro,0.7,1–1,1.2,Atl Goianiense,"36,099",Arena MRV,,67%,33%,519,615,201,303,6,15,5,12,4,5,5,6,10,11,5,8,15,19,733,407,16,20,7,13,19,12,31,14,0,2,6,7,21,21,58,76
13,Sun,2024-06-30,16:00,Grêmio,1.0,1–0,0.5,Fluminense,"8,549",Estádio Francisco Stédile,,48%,52%,377,472,438,517,9,16,3,8,3,3,8,9,13,14,6,1,23,9,571,629,22,17,4,15,9,11,12,20,0,1,4,8,25,17,64,52
13,Sun,2024-06-30,16:00,São Paulo,1.2,3–1,1.0,Bahia,"28,008",Estádio do Morumbi,,41%,59%,371,447,574,636,4,10,6,15,5,6,1,4,15,9,4,4,14,14,522,722,14,9,6,5,7,14,10,13,2,0,8,8,16,9,66,49
13,Sun,2024-06-30,16:00,Fortaleza,2.6,2–1,1.1,Juventude,"33,717",Estádio Castelão,,38%,62%,237,326,437,535,6,18,3,12,2,3,5,6,22,16,7,5,22,26,434,642,13,11,8,2,17,11,29,32,0,0,9,5,16,20,80,54
13,Sun,2024-06-30,18:30,Flamengo,0.6,2–1,0.6,Cruzeiro,"52,768",Estadio Jornalista Mário Filho,,46%,54%,341,428,404,504,3,7,5,14,4,5,1,3,5,17,2,5,8,11,543,600,24,17,11,14,15,8,10,13,0,2,8,9,23,26,88,45
13,Sun,2024-06-30,18:30,Vitória,1.0,0–1,0.9,Ath Paranaense,"20,376",Estádio Manoel Barradas,,59%,41%,458,555,306,386,3,16,2,7,1,2,3,3,12,16,7,6,27,18,656,503,10,14,9,8,16,16,15,35,1,1,3,9,16,15,51,47
13,Sun,2024-06-30,18:30,Criciúma,1.0,1–1,1.2,Internacional,"14,946",Estádio Heriberto Hülse,,46%,54%,358,453,432,542,7,17,4,11,3,4,6,7,10,14,5,5,28,24,579,650,18,19,10,9,12,17,27,28,2,1,11,8,15,26,95,52
13,Mon,2024-07-01,20:00,Palmeiras,1.0,2–0,0.9,Corinthians,"41,175",Allianz Parque,,49%,51%,255,348,274,359,10,20,3,13,3,3,8,10,18,10,7,3,23,14,469,481,24,18,6,7,15,14,14,23,2,0,12,11,22,24,67,66
14,Wed,2024-07-03,18:00 (19:00),Cuiabá,1.6,1–2,0.8,Botafogo (RJ),"7,849",Arena Pantanal,Paulo Zanovelli,51%,49%,427,509,407,492,5,10,4,6,2,4,5,5,8,15,7,5,27,13,587,578,7,13,11,12,9,20,17,26,2,7,2,6,18,17,61,68
14,Wed,2024-07-03,20:00,Vasco da Gama,1.8,2–0,0.5,Fortaleza,"14,384",Estádio Club de Regatas Vasco da Gama,Matheus Delgado Candançan,60%,40%,469,566,293,383,9,19,4,10,4,4,7,9,21,12,7,3,18,17,665,488,15,27,7,9,15,12,15,13,2,1,6,8,23,12,75,54
14,Wed,2024-07-03,20:00,Criciúma,1.5,1–0,1.1,Cruzeiro,"12,352",Estádio Heriberto Hülse,João Vitor Gobi,35%,65%,244,349,564,647,6,13,6,17,6,6,5,6,11,7,7,10,22,21,454,760,17,19,7,9,10,14,24,19,2,1,14,7,14,17,74,44
14,Thu,2024-07-04,19:00,Grêmio,2.2,2–2,2.3,Palmeiras,"20,797",Estádio Francisco Stédile,Marcelo de Lima Henrique,40%,60%,237,335,390,501,3,13,5,21,3,5,2,3,9,13,5,10,15,43,493,632,25,22,10,10,17,13,44,22,0,0,11,5,21,29,65,70
14,Thu,2024-07-04,19:00,Bahia,1.8,2–0,0.7,Juventude,"40,442",Itaipava Arena Fonte Nova,,56%,44%,508,575,367,456,9,22,1,10,1,1,7,9,15,9,6,7,12,23,675,532,9,9,4,8,7,7,28,12,1,1,7,9,17,27,52,52
14,Thu,2024-07-04,20:00,Fluminense,0.3,1–1,0.7,Internacional,"40,337",Estadio Jornalista Mário Filho,Felipe Fernandes de Lima,55%,45%,465,539,362,447,3,8,4,12,3,4,2,3,17,17,3,4,25,9,638,525,18,19,7,6,15,10,19,17,1,4,2,8,13,9,67,51
14,Thu,2024-07-04,20:00,Corinthians,0.6,3–2,1.9,Vitória,"37,689",Neo Química Arena,Gustavo Ervino Bauermann,44%,56%,346,426,468,552,5,14,5,17,4,5,2,5,15,10,9,9,26,24,545,669,17,19,7,6,18,19,31,24,0,2,9,7,18,24,45,49
14,Wed,2024-07-03,21:30,RB Bragantino,1.6,3–1,0.7,Atl Goianiense,"3,102",Estádio Nabi Abi Chedid,Davi de Oliveira Lacerda,51%,49%,326,424,308,412,5,13,6,13,5,6,2,5,15,9,3,8,12,17,525,502,14,11,7,11,15,19,29,12,1,3,13,6,15,28,72,100
14,Wed,2024-07-03,21:30,Atlético Mineiro,2.4,2–4,2.1,Flamengo,"33,993",Arena MRV,Ramon Abatti,52%,48%,414,489,369,451,3,10,8,14,4,8,2,3,12,11,4,4,19,15,591,548,12,20,11,8,8,12,25,21,1,2,3,4,14,19,67,67
14,Wed,2024-07-03,21:30,Ath Paranaense,0.4,1–2,1.6,São Paulo,"28,632",Ligga Arena,Alex Gomes Stefano,45%,55%,371,449,471,541,4,12,8,13,6,8,3,4,19,8,6,2,28,11,527,620,15,11,5,5,16,15,12,28,1,2,2,10,12,7,62,46
15,Sat,2024-07-06,20:00,São Paulo,1.9,2–0,0.9,RB Bragantino,"46,321",Estádio do Morumbi,Bruno Pereira Vasconcelos,59%,41%,420,510,265,352,3,13,3,10,3,3,1,3,10,9,6,3,18,15,604,449,15,18,11,8,19,10,11,19,2,1,7,3,20,19,75,58
15,Sat,2024-07-06,20:00,Flamengo,1.4,1–1,0.8,Cuiabá,"54,948",Estadio Jornalista Mário Filho,Rodrigo José Pereira de Lima,66%,34%,562,674,268,355,10,20,3,7,2,3,9,10,14,12,7,0,31,7,774,487,19,23,8,12,27,9,10,40,3,3,5,14,27,13,78,77
15,Sun,2024-07-07,16:00,Juventude,1.7,3–0,0.8,Grêmio,"7,984",Estádio Alfredo Jaconi,Matheus Delgado Candançan,48%,52%,391,468,415,509,6,14,5,13,5,5,3,6,14,10,3,8,16,14,570,596,13,12,10,5,7,10,18,18,0,2,4,7,13,24,59,48
15,Sun,2024-07-07,16:00,Cruzeiro,1.5,3–0,1.1,Corinthians,"55,186",Estádio Governador Magalhães Pinto,Alex Gomes Stefano,47%,53%,330,423,383,473,5,12,2,15,2,2,2,5,22,12,8,8,21,22,528,574,16,12,5,7,11,7,25,15,3,3,10,5,16,20,58,62
15,Sun,2024-07-07,16:00,Fortaleza,2.0,1–0,0.3,Fluminense,"34,831",Estádio Castelão,Davi de Oliveira Lacerda,42%,58%,271,369,413,502,6,19,3,11,3,3,5,6,13,14,12,3,31,18,487,619,22,10,17,7,18,22,27,31,1,0,8,11,22,25,76,60
15,Sun,2024-07-07,18:00,Internacional,1.3,1–2,0.7,Vasco da Gama,"41,693",Estádio José Pinheiro Borba,Gustavo Ervino Bauermann,65%,35%,582,690,268,364,6,14,6,8,4,6,5,6,16,12,4,4,34,11,782,503,13,25,5,10,13,16,8,44,2,0,4,8,35,10,44,69
15,Sun,2024-07-07,18:30,Atl Goianiense,0.7,1–2,1.0,Ath Paranaense,"6,152",Estádio Antônio Accioly,João Vitor Gobi,44%,56%,233,343,321,444,3,12,6,17,4,6,2,3,11,11,4,11,16,20,478,568,11,23,15,13,18,21,28,22,0,0,9,7,28,23,78,81
15,Sun,2024-07-07,18:30,Vitória,1.6,2–1,1.0,Criciúma,"16,615",Estádio Manoel Barradas,Bruno Mota Correia,45%,55%,342,420,433,521,2,8,2,13,1,2,1,2,12,18,6,3,14,22,522,594,15,10,11,4,17,18,29,15,1,2,7,4,12,17,47,67
15,Sun,2024-07-07,18:30,Palmeiras,0.9,2–0,1.9,Bahia,"40,198",Allianz Parque,Jonathan Benkenstein Pinheiro,45%,55%,370,453,491,558,4,12,3,13,3,3,2,4,15,10,4,3,23,10,545,658,18,10,13,9,7,12,8,27,5,3,7,9,18,15,71,46
15,Sun,2024-07-07,20:30,Botafogo (RJ),1.1,3–0,0.2,Atlético Mineiro,"21,582",Estádio Nilton Santos,Rafael Klein,58%,42%,461,536,330,395,8,19,2,6,2,2,5,8,19,12,3,2,18,7,613,489,18,9,4,5,11,10,5,26,0,0,5,9,12,9,52,59
16,Wed,2024-07-10,18:30,Grêmio,1.0,0–2,1.0,Cruzeiro,"4,623",Estádio Francisco Stédile,Bruno Arleu,45%,55%,419,513,546,626,3,8,6,14,4,6,3,3,9,10,1,5,15,10,615,749,28,18,12,14,11,10,6,22,1,1,3,4,25,21,71,54
16,Wed,2024-07-10,19:00,Vasco da Gama,0.9,2–0,0.4,Corinthians,"23,307",Estádio Club de Regatas Vasco da Gama,Rafael Klein,51%,49%,330,417,329,408,3,14,2,11,2,2,1,3,15,10,7,5,23,13,538,527,25,18,10,5,16,14,22,28,3,1,10,8,21,18,56,36
16,Wed,2024-07-10,19:00,Ath Paranaense,1.9,1–3,1.3,Bahia,"23,307",Ligga Arena,Felipe Fernandes de Lima,52%,48%,434,542,411,497,8,22,5,7,2,5,7,8,13,13,9,2,32,5,623,625,11,17,5,11,15,21,10,40,3,2,2,13,27,21,66,62
16,Thu,2024-07-11,19:30,Palmeiras,3.3,3–1,0.5,Atl Goianiense,"26,897",Allianz Parque,Wagner do Nascimento Magalhães,64%,36%,501,604,235,339,6,23,3,11,2,3,4,6,9,19,9,2,31,14,713,453,13,22,8,8,17,13,15,28,0,1,5,14,20,15,83,69
16,Thu,2024-07-11,20:00,Flamengo,2.0,1–2,0.4,Fortaleza,"57,517",Estadio Jornalista Mário Filho,Edina Alves,70%,30%,522,629,182,276,6,20,2,7,1,2,6,6,9,11,9,4,33,8,728,383,14,13,6,5,16,13,10,32,2,4,6,9,19,15,58,68
16,Thu,2024-07-11,20:00,Criciúma,1.1,1–1,2.1,Fluminense,"11,486",Estádio Heriberto Hülse,Anderson Daronco,40%,60%,326,430,538,633,4,13,10,18,9,10,3,4,15,7,2,5,18,18,552,766,23,17,10,15,14,13,29,23,2,1,6,7,21,23,77,46
16,Thu,2024-07-11,21:30,Vitória,1.0,0–1,2.1,Botafogo (RJ),"16,489",Estádio Manoel Barradas,Ramon Abatti,46%,54%,339,427,422,499,4,11,4,14,3,4,4,4,16,24,4,5,21,15,539,612,26,24,7,12,14,17,11,29,2,2,6,5,18,17,42,66
16,Thu,2024-07-11,21:30,Atlético Mineiro,0.6,2–1,1.4,São Paulo,"28,772",Arena MRV,Marcelo de Lima Henrique,62%,38%,561,637,310,393,5,14,4,11,3,4,3,5,9,13,2,6,14,16,727,477,20,13,10,10,9,19,15,17,0,0,7,14,12,9,54,54
17,Sat,2024-07-13,16:00,Cruzeiro,1.4,2–1,0.8,RB Bragantino,"20,042",Estádio Raimundo Sampaio,Savio Pereira,53%,47%,362,480,314,428,4,10,5,15,4,5,2,4,11,14,1,8,10,21,613,555,21,22,12,6,13,10,22,15,5,2,9,4,23,27,79,66
17,Sat,2024-07-13,16:00,Bahia,0.9,1–2,1.2,Cuiabá,"48,602",Itaipava Arena Fonte Nova,Davi de Oliveira Lacerda,64%,36%,647,730,336,412,2,14,3,14,1,3,1,2,4,8,8,4,27,12,828,526,9,17,8,4,9,13,7,34,1,1,6,11,29,12,41,66
17,Tue,2024-07-16,19:00,Juventude,0.9,1–1,1.8,Atlético Mineiro,"9,788",Estádio Nacional de Brasília,Alex Gomes Stefano,26%,74%,182,266,637,740,2,8,4,20,3,4,1,2,8,12,1,8,12,29,383,836,18,19,19,1,11,14,33,8,1,3,16,2,5,19,50,70
17,Wed,2024-07-17,19:00,Atl Goianiense,0.9,0–1,1.2,Vasco da Gama,"12,089",Estádio Antônio Accioly,Matheus Delgado Candançan,52%,48%,326,427,285,396,7,19,4,13,3,4,7,7,13,11,4,6,29,23,533,506,12,13,6,11,15,13,27,42,0,3,10,14,21,18,62,84
17,Wed,2024-07-17,20:00,São Paulo,0.9,1–0,1.4,Grêmio,"53,168",Estádio do Morumbi,Gustavo Ervino Bauermann,54%,46%,415,502,343,428,8,14,5,19,5,5,7,8,16,8,8,9,18,12,620,541,22,16,9,7,12,16,19,15,0,0,7,5,14,20,71,43
17,Tue,2024-07-16,21:00,Corinthians,0.7,2–1,1.2,Criciúma,"43,241",Neo Química Arena,,53%,47%,356,461,302,403,6,14,4,16,3,4,4,6,10,17,5,5,22,13,589,528,28,20,17,14,14,21,8,21,0,0,7,10,20,26,68,58
17,Wed,2024-07-17,21:30,Botafogo (RJ),1.8,1–0,1.2,Palmeiras,"39,570",Estádio Nilton Santos,Anderson Daronco,43%,57%,200,305,290,404,7,16,5,18,5,5,6,7,20,10,5,4,19,27,439,514,12,18,12,8,26,16,45,24,2,1,10,6,19,31,83,73
17,Wed,2024-07-17,21:30,Fortaleza,2.0,3–1,1.3,Vitória,"24,813",Estádio Castelão,Rafael Klein,48%,52%,360,440,382,469,4,12,3,11,2,3,1,4,19,19,1,6,14,26,548,561,17,15,6,7,11,16,24,11,1,0,8,7,17,9,51,50
18,Sat,2024-07-20,16:00,Flamengo,2.4,2–1,1.2,Criciúma,"60,127",Estádio Nacional de Brasília,Maguielson Lima Barbosa,62%,38%,431,522,236,315,4,13,4,16,3,4,3,4,12,21,7,4,20,13,628,444,13,21,5,8,17,12,22,27,0,1,7,10,18,16,44,61
18,Sat,2024-07-20,18:30,Botafogo (RJ),0.5,1–0,0.7,Internacional,"31,344",Estádio Nilton Santos,Flavio Rodrigues de Souza,48%,52%,308,419,336,447,4,10,1,10,1,1,3,4,16,14,2,1,19,16,540,583,15,20,9,5,32,21,24,31,2,3,8,5,22,19,76,69
18,Sun,2024-07-21,11:00,Grêmio,1.4,2–0,0.2,Vitória,"25,248",Estádio Francisco Stédile,Savio Pereira,59%,41%,377,493,237,346,5,12,0,5,0,0,4,5,11,20,7,4,13,14,604,473,21,26,5,8,21,25,15,39,0,2,7,8,25,17,85,63
18,Sun,2024-07-21,16:00,Bahia,1.3,0–1,0.3,Corinthians,"48,346",Itaipava Arena Fonte Nova,,65%,35%,567,665,286,360,6,17,2,7,1,2,6,6,12,18,6,3,23,14,757,489,15,17,5,13,17,14,14,42,1,4,3,7,17,13,36,54
18,Sun,2024-07-21,16:00,Atlético Mineiro,2.2,2–0,0.6,Vasco da Gama,"42,353",Arena MRV,Raphael Claus,53%,47%,467,553,387,481,2,15,1,8,1,1,0,2,13,6,6,1,13,23,683,611,25,31,7,7,12,13,18,24,1,0,12,5,12,26,60,51
18,Sun,2024-07-21,18:30,Juventude,0.8,0–0,0.5,São Paulo,"26,476",Estádio Nacional de Brasília,Wilton Sampaio,38%,62%,268,356,495,576,0,10,2,11,2,2,0,0,13,17,1,4,12,16,446,674,15,16,8,3,11,9,13,13,2,1,8,13,19,15,47,75
18,Sun,2024-07-21,18:30,RB Bragantino,0.8,1–0,1.4,Ath Paranaense,"4,423",Estádio Nabi Abi Chedid,,36%,64%,249,336,485,604,3,12,7,19,7,7,2,3,6,14,2,11,9,37,475,710,11,24,12,7,14,16,41,9,0,2,13,6,20,17,62,75
18,Sun,2024-07-21,18:30,Fortaleza,1.6,3–1,0.7,Atl Goianiense,"30,822",Estádio Castelão,Lucas Paulo Torezin,59%,41%,411,501,263,344,3,12,2,10,1,2,1,3,12,12,5,6,23,25,589,452,10,13,4,7,19,9,23,23,2,1,5,6,9,18,73,57
18,Sun,2024-07-21,19:00 (20:00),Cuiabá,0.6,0–1,1.3,Fluminense,"13,231",Arena Pantanal,Anderson Daronco,48%,52%,388,463,439,510,6,16,4,10,3,4,6,6,19,6,6,4,20,10,558,615,25,30,6,5,17,9,7,20,1,1,8,7,25,25,63,59
18,Sat,2024-07-20,21:00,Palmeiras,1.3,2–0,0.6,Cruzeiro,"40,465",Allianz Parque,Davi de Oliveira Lacerda,43%,57%,237,352,360,464,5,15,2,8,2,2,3,5,16,16,6,4,21,18,448,576,7,16,11,9,19,21,20,19,0,3,5,9,23,18,85,67
3,Wed,2024-07-24,19:00,Criciúma,0.5,1–1,1.6,Fortaleza,"13,625",Estádio Heriberto Hülse,Jonathan Benkenstein Pinheiro,48%,52%,322,436,361,471,7,13,4,15,3,4,6,7,11,8,4,5,21,21,545,585,17,22,9,11,17,17,24,19,2,2,11,6,18,19,70,83
19,Wed,2024-07-24,19:00,Cruzeiro,2.4,2–0,0.9,Juventude,"46,603",Estádio Governador Magalhães Pinto,Maguielson Lima Barbosa,55%,45%,385,468,295,381,3,10,2,7,2,2,3,3,14,14,6,5,20,15,564,475,11,15,3,10,10,9,22,18,0,2,3,9,25,22,51,54
19,Wed,2024-07-24,19:30,São Paulo,2.0,2–2,1.7,Botafogo (RJ),"53,244",Estádio do Morumbi,Felipe Fernandes de Lima,68%,32%,555,633,223,292,5,14,5,11,4,5,4,5,17,22,7,1,21,10,732,393,21,19,7,7,11,10,7,20,0,0,4,8,17,14,65,56
19,Wed,2024-07-24,20:00,Vitória,1.4,1–2,1.0,Flamengo,"30,688",Estádio Manoel Barradas,Raphael Claus,44%,56%,337,427,453,554,3,10,3,8,1,3,2,3,9,15,4,8,23,16,550,656,21,22,10,5,8,15,24,18,0,2,5,5,21,22,52,67
19,Thu,2024-07-25,20:00,Corinthians,1.6,2–2,0.9,Grêmio,"45,183",Neo Química Arena,,63%,37%,430,520,215,308,6,13,7,18,5,7,5,6,21,17,4,5,19,8,636,430,20,24,11,13,18,10,15,13,1,2,9,3,19,22,62,62
19,Wed,2024-07-24,21:30,Fluminense,1.0,1–0,0.1,Palmeiras,"51,375",Estadio Jornalista Mário Filho,Wilton Sampaio,51%,49%,396,482,392,472,2,14,1,7,1,1,1,2,14,19,4,2,17,13,595,587,25,17,6,10,14,14,20,23,1,1,5,7,22,16,43,59
19,Wed,2024-07-24,21:30,Atl Goianiense,1.1,1–1,0.8,Bahia,"5,777",Estádio Antônio Accioly,Luciano da Silva Miranda,30%,70%,165,272,526,623,4,15,2,7,1,2,3,4,18,12,8,4,29,14,374,716,13,11,11,4,11,15,27,31,4,3,9,8,16,16,69,60
20,Sat,2024-07-27,19:00,Juventude,0.5,1–2,1.7,Criciúma,"6,564",Estádio Alfredo Jaconi,João Vitor Gobi,59%,41%,435,533,289,375,5,12,7,14,5,7,4,5,13,18,5,7,18,15,634,481,18,13,5,6,20,17,15,26,1,0,7,9,24,13,63,61
20,Sat,2024-07-27,19:00,Palmeiras,0.8,0–2,0.6,Vitória,"39,609",Allianz Parque,Caio Max Augusto Vieira,70%,30%,584,697,211,294,3,21,3,10,1,3,3,3,14,9,13,2,50,9,815,455,26,26,10,10,21,20,5,39,1,1,7,19,32,17,77,63
20,Sat,2024-07-27,20:00,Bahia,0.9,1–1,1.5,Internacional,"32,950",Itaipava Arena Fonte Nova,Matheus Delgado Candançan,52%,48%,445,546,418,510,3,9,2,12,1,2,2,3,12,18,4,2,13,13,636,607,13,17,17,17,21,11,13,15,3,4,11,6,22,14,64,51
20,Sun,2024-07-28,11:00,RB Bragantino,0.4,0–1,0.8,Fluminense,"7,304",Estádio Nabi Abi Chedid,,58%,42%,394,508,270,372,2,13,3,7,2,3,2,2,12,13,5,6,21,12,641,494,34,20,11,8,17,19,15,28,0,1,4,11,19,30,65,66
20,Sun,2024-07-28,16:00,Flamengo,1.3,2–0,0.4,Atl Goianiense,"61,883",Estadio Jornalista Mário Filho,,53%,47%,457,549,387,487,5,12,3,12,3,3,3,5,9,12,6,3,18,16,656,598,16,25,13,9,14,11,17,20,2,0,9,7,17,17,66,65
20,Sun,2024-07-28,18:00 (19:00),Cuiabá,1.5,1–2,2.1,Ath Paranaense,"4,452",Arena Pantanal,,51%,49%,391,497,402,487,5,21,4,11,2,4,4,5,8,12,12,2,38,9,608,621,19,16,5,11,20,26,9,44,4,0,5,18,20,10,76,73
20,Sun,2024-07-28,19:00,Atlético Mineiro,1.9,2–1,1.1,Corinthians,"44,048",Arena MRV,Bruno Arleu,66%,34%,533,617,219,313,2,8,7,11,6,7,2,2,17,16,4,4,13,17,719,425,15,18,13,7,18,6,22,19,3,1,7,6,9,20,55,51
20,Sun,2024-07-28,19:00,Grêmio,1.7,1–0,0.9,Vasco da Gama,"17,621",Arena Condá,Paulo Zanovelli,53%,47%,197,330,152,297,3,20,1,13,1,1,2,3,13,13,8,3,29,23,472,419,13,19,11,11,15,23,29,32,2,3,8,11,27,26,88,94
20,Sat,2024-07-27,21:30,Botafogo (RJ),2.2,0–3,0.6,Cruzeiro,"19,349",Estádio Nilton Santos,Wilton Sampaio,58%,42%,461,556,322,396,10,19,5,12,2,5,10,10,14,15,8,1,37,9,641,512,13,17,8,8,13,15,13,35,2,1,6,7,21,19,78,66
20,Sat,2024-07-27,21:30,Fortaleza,1.3,1–0,0.6,São Paulo,"41,322",Estádio Castelão,,36%,64%,224,308,443,537,1,10,1,12,1,1,1,1,15,16,3,10,11,21,420,628,13,13,7,5,10,13,32,9,2,3,5,6,10,24,65,69
21,Sat,2024-08-03,16:00,Vitória,1.6,1–0,0.8,Cuiabá,"26,715",Estádio Manoel Barradas,João Vitor Gobi,47%,53%,350,425,408,487,3,17,2,9,2,2,2,3,16,17,4,5,27,18,537,595,17,18,13,8,13,21,16,25,1,1,6,9,15,22,56,61
21,Sat,2024-08-03,19:00,Vasco da Gama,0.8,2–2,1.3,RB Bragantino,"17,938",Estádio Club de Regatas Vasco da Gama,Gustavo Ervino Bauermann,63%,37%,492,607,266,358,3,11,3,7,1,3,1,3,8,18,4,3,30,11,705,469,22,17,9,13,16,17,12,26,1,1,2,5,25,28,78,74
21,Sat,2024-08-03,20:00,Atl Goianiense,1.2,1–4,3.1,Botafogo (RJ),"8,618",Estádio Antônio Accioly,Felipe Fernandes de Lima,48%,52%,260,345,281,372,2,8,7,11,5,7,2,2,17,14,3,7,16,18,442,458,11,17,13,9,22,10,30,13,1,1,3,10,17,12,66,57
21,Sat,2024-08-03,20:00,Criciúma,1.2,2–1,1.4,Atlético Mineiro,"15,642",Estádio Heriberto Hülse,,28%,72%,183,273,598,688,5,12,2,19,1,2,3,5,13,7,5,1,13,20,362,772,15,13,11,8,13,12,16,13,2,3,12,8,16,19,67,52
21,Sun,2024-08-04,16:00,Corinthians,2.4,1–1,0.7,Juventude,"43,947",Neo Química Arena,Lucas Paulo Torezin,64%,36%,401,493,173,273,10,34,3,6,2,3,9,10,16,15,11,3,34,6,611,397,21,17,4,3,13,10,7,44,0,1,2,18,26,11,57,75
21,Sun,2024-08-04,16:00,Ath Paranaense,0.9,0–2,2.2,Grêmio,"27,205",Ligga Arena,Matheus Delgado Candançan,74%,26%,632,744,178,263,3,18,7,9,5,7,3,3,12,12,9,0,39,2,836,393,25,17,10,14,16,20,7,36,1,3,1,14,17,13,60,52
21,Sun,2024-08-04,16:00,Fluminense,1.1,1–0,1.7,Bahia,"50,262",Estadio Jornalista Mário Filho,Davi de Oliveira Lacerda,49%,51%,423,500,437,511,6,12,3,11,3,3,5,6,12,10,3,3,21,10,599,611,20,24,15,6,4,13,11,23,2,0,8,8,17,10,47,37
21,Sun,2024-08-04,17:00,Internacional,1.5,1–1,1.4,Palmeiras,"20,794",Estádio José Pinheiro Borba,Wagner do Nascimento Magalhães,41%,59%,314,424,498,620,7,16,5,17,4,5,6,7,19,6,4,11,15,35,555,737,13,15,10,10,12,22,40,13,1,5,4,4,17,18,60,72
21,Sat,2024-08-03,21:30,São Paulo,1.4,1–0,0.3,Flamengo,"58,065",Estádio do Morumbi,Rafael Klein,60%,40%,476,557,298,377,3,15,0,8,0,0,2,3,11,13,8,3,25,14,655,477,13,14,7,6,13,10,19,20,3,0,9,8,19,10,86,41
21,Mon,2024-08-05,21:00,Cruzeiro,0.8,1–2,1.1,Fortaleza,"20,000",Estádio Kleber José de Andrade,Alex Gomes Stefano,68%,32%,548,665,217,309,7,15,4,11,2,4,6,7,18,17,5,1,37,8,767,435,9,16,8,4,15,9,14,41,1,2,6,12,23,10,63,73
22,Sat,2024-08-10,16:00,Fortaleza,1.9,1–0,0.8,Criciúma,"40,311",Estádio Castelão,Kleber Ariel Goncalves Silva,50%,50%,386,483,376,474,4,16,2,12,2,2,3,4,16,13,4,6,13,17,586,573,16,13,12,6,12,12,15,24,2,1,9,5,21,21,65,74
22,Sat,2024-08-10,18:00 (19:00),Cuiabá,0.5,1–3,1.4,Grêmio,"9,853",Arena Pantanal,Bruno Pereira Vasconcelos,60%,40%,474,573,289,382,3,15,6,10,3,6,3,3,15,7,5,5,28,11,689,524,19,14,9,12,21,16,15,31,3,1,3,13,18,20,51,62
22,Sun,2024-08-11,11:00,Juventude,1.7,3–2,1.8,Botafogo (RJ),"5,288",Estádio Alfredo Jaconi,Flavio Rodrigues de Souza,37%,63%,268,345,514,594,7,16,9,24,7,9,4,7,10,14,6,12,15,33,487,706,18,15,6,8,14,13,42,14,1,0,10,5,12,18,62,63
22,Sun,2024-08-11,16:00,São Paulo,2.0,1–0,0.7,Atl Goianiense,"46,600",Estádio do Morumbi,,45%,55%,417,491,502,591,6,12,6,13,6,6,5,6,15,8,3,2,14,16,590,688,16,19,8,5,10,11,22,16,1,1,9,4,22,20,61,78
22,Sun,2024-08-11,16:00,Flamengo,1.0,1–1,1.3,Palmeiras,"55,051",Estadio Jornalista Mário Filho,Wilton Sampaio,52%,48%,321,423,312,397,7,11,6,9,5,6,6,7,15,21,4,2,14,11,529,515,22,20,5,6,17,15,21,25,1,2,7,7,17,16,55,56
22,Sun,2024-08-11,16:00,Bahia,0.6,2–0,1.0,Vitória,"45,972",Itaipava Arena Fonte Nova,Braulio Machado,56%,44%,453,539,335,418,3,7,5,13,5,5,1,3,10,12,3,7,11,23,637,502,19,11,13,10,10,10,27,10,2,0,1,2,12,19,42,47
22,Sun,2024-08-11,19:00,Internacional,2.5,2–2,1.3,Ath Paranaense,"17,136",Estádio José Pinheiro Borba,Paulo Zanovelli,53%,47%,420,530,368,469,3,23,5,12,3,5,1,3,18,13,9,0,34,11,655,609,13,16,10,11,19,17,23,36,0,2,5,10,18,26,60,74
22,Sat,2024-08-10,21:30,Corinthians,1.4,1–1,1.2,RB Bragantino,"42,018",Neo Química Arena,Felipe Fernandes de Lima,62%,38%,438,550,224,337,5,19,6,11,5,6,4,5,11,18,6,6,37,16,667,470,18,14,13,21,27,19,17,38,3,1,3,15,23,21,81,72
22,Sat,2024-08-10,21:30,Vasco da Gama,1.2,2–0,0.8,Fluminense,"20,003",Estádio Nilton Santos,Anderson Daronco,44%,56%,377,456,513,585,3,8,3,12,3,3,1,3,23,12,6,3,15,19,544,665,14,12,5,1,10,14,19,10,2,1,9,5,18,11,75,43
22,Sat,2024-08-10,21:30,Cruzeiro,0.3,0–0,0.6,Atlético Mineiro,"61,583",Estádio Governador Magalhães Pinto,Raphael Claus,36%,64%,263,349,521,618,1,6,3,12,3,3,1,1,19,12,4,4,14,19,446,713,16,18,11,8,10,14,16,18,2,2,3,4,21,21,65,77
6,Wed,2024-08-14,19:30,Internacional,3.3,2–1,0.7,Juventude,"11,920",Estádio José Pinheiro Borba,Gustavo Ervino Bauermann,49%,51%,349,455,361,469,8,19,3,8,2,3,6,8,19,17,8,1,20,11,562,573,12,21,9,7,20,22,7,18,1,0,6,9,39,22,70,72
23,Sat,2024-08-17,16:00,Atlético Mineiro,1.8,1–1,1.3,Cuiabá,"36,290",Arena MRV,Davi de Oliveira Lacerda,60%,40%,415,498,246,330,3,12,4,10,4,4,3,3,13,14,8,6,34,17,612,434,24,22,4,8,12,20,25,23,3,0,4,8,22,19,59,60
23,Sat,2024-08-17,16:00,Grêmio,1.2,0–2,1.7,Bahia,"56,102",Estádio Alfredo Jaconi,Matheus Delgado Candançan,40%,60%,365,440,586,654,5,13,5,12,3,5,5,5,10,10,1,5,14,16,535,750,22,18,8,9,15,8,12,19,1,1,5,9,15,14,54,61
23,Sat,2024-08-17,18:30,RB Bragantino,2.2,1–2,1.9,Fortaleza,"3,928",Estádio Nabi Abi Chedid,Alex Gomes Stefano,60%,40%,404,531,249,353,7,12,7,14,5,7,7,7,19,13,9,2,35,17,638,490,17,9,7,8,20,24,20,43,3,1,5,6,29,29,83,102
23,Sun,2024-08-18,16:00,Criciúma,1.0,2–2,1.3,Vasco da Gama,"18,403",Estádio Heriberto Hülse,Paulo Zanovelli,50%,50%,374,478,373,469,8,19,4,13,2,4,6,8,15,7,9,10,21,16,597,607,21,22,8,10,12,20,14,27,4,1,10,10,15,19,54,81
23,Sun,2024-08-18,16:00,Palmeiras,2.1,2–1,0.6,São Paulo,"37,244",Allianz Parque,Raphael Claus,54%,46%,383,467,328,404,8,24,4,8,3,4,6,8,17,12,6,1,24,8,558,504,15,18,5,11,16,11,10,23,2,1,8,14,18,11,51,59
23,Sun,2024-08-18,16:00,Atl Goianiense,0.7,1–0,1.9,Internacional,"5,460",Estádio Antônio Accioly,Flavio Rodrigues de Souza,42%,58%,278,384,420,526,5,13,6,19,6,6,4,5,11,6,4,7,21,23,514,664,23,28,10,15,20,19,19,12,1,0,12,8,24,27,78,78
23,Sun,2024-08-18,18:30,Botafogo (RJ),3.3,4–1,0.8,Flamengo,"23,731",Estádio Nilton Santos,Bruno Arleu,54%,46%,441,502,359,430,8,18,3,10,2,3,4,8,17,7,5,2,13,10,602,515,19,19,10,3,11,7,14,17,3,0,6,11,11,14,45,50
23,Sun,2024-08-18,18:30,Ath Paranaense,1.5,1–2,1.1,Juventude,"22,926",Ligga Arena,João Vitor Gobi,60%,40%,422,519,242,348,7,23,5,8,3,5,6,7,17,10,10,4,28,13,634,469,14,21,14,14,25,17,11,25,1,1,5,10,24,18,65,74
23,Sat,2024-08-17,21:00,Fluminense,0.6,0–0,1.1,Corinthians,"30,475",Estadio Jornalista Mário Filho,Braulio Machado,55%,45%,442,509,338,412,4,16,2,8,2,2,4,4,10,17,6,2,20,11,634,536,20,35,8,16,11,9,8,22,0,3,4,5,23,22,41,55
23,Mon,2024-08-19,20:00,Vitória,1.2,2–2,1.2,Cruzeiro,"17,062",Estádio Manoel Barradas,Marcelo de Lima Henrique,31%,69%,170,247,452,555,4,13,12,25,10,12,3,4,10,13,4,7,12,36,395,655,10,14,16,5,16,21,43,17,0,0,12,5,18,21,52,51
24,Sat,2024-08-24,16:00,Atl Goianiense,2.5,2–1,0.6,Juventude,"4,407",Estádio Antônio Accioly,Bruno Pereira Vasconcelos,40%,60%,221,300,350,452,6,17,3,13,2,3,5,6,17,10,4,5,14,23,415,542,14,12,7,3,17,20,32,18,0,2,11,8,16,22,70,65
24,Sat,2024-08-24,18:30,Palmeiras,2.6,5–0,0.8,Cuiabá,"30,956",Estádio Brinco de Ouro da Princesa,Alex Gomes Stefano,57%,43%,417,498,311,370,8,13,3,10,3,3,4,8,16,6,7,1,21,8,567,462,14,8,6,7,8,7,4,17,1,2,5,8,19,18,63,50
24,Sun,2024-08-25,16:00,Fortaleza,1.0,1–0,0.6,Corinthians,"51,297",Estádio Castelão,Felipe Fernandes de Lima,45%,55%,310,391,373,476,5,8,3,12,3,3,4,5,14,16,3,9,21,25,504,567,15,14,10,7,19,10,39,20,2,2,7,9,18,12,59,62
24,Sun,2024-08-25,16:00,Bahia,0.9,0–0,0.8,Botafogo (RJ),"40,198",Itaipava Arena Fonte Nova,Ramon Abatti,53%,47%,375,452,321,396,7,17,5,14,5,5,7,7,19,21,4,7,19,17,557,502,11,11,4,12,11,10,16,17,3,2,4,10,17,17,54,59
24,Sun,2024-08-25,16:00,Criciúma,0.9,0–1,1.3,Grêmio,"17,377",Estádio Heriberto Hülse,Lucas Paulo Torezin,46%,54%,324,425,402,498,4,19,4,14,3,4,4,4,15,8,6,9,18,19,576,623,33,24,10,4,13,9,29,17,3,4,6,10,9,22,58,70
24,Sun,2024-08-25,18:30,São Paulo,0.6,2–1,1.2,Vitória,"32,712",Estádio do Morumbi,Wilton Sampaio,58%,42%,507,576,346,416,3,12,3,9,3,3,1,3,7,8,4,3,13,22,684,516,18,23,8,9,12,9,20,18,1,0,6,5,22,20,55,32
24,Sun,2024-08-25,19:00,Internacional,2.6,1–0,0.2,Cruzeiro,"26,634",Estádio José Pinheiro Borba,Matheus Delgado Candançan,44%,56%,321,428,427,549,9,19,3,5,3,3,8,9,12,9,12,3,35,11,564,667,16,23,11,15,22,16,21,31,0,0,4,10,20,31,61,96
24,Sun,2024-08-25,20:00,Flamengo,1.3,2–1,1.1,RB Bragantino,"28,159",Estadio Jornalista Mário Filho,Gustavo Ervino Bauermann,55%,45%,415,514,320,415,7,13,2,12,1,2,6,7,13,12,6,10,23,26,631,542,17,26,9,8,22,8,30,34,1,1,8,4,22,23,68,78
24,Sat,2024-08-24,21:00,Atlético Mineiro,0.5,0–2,0.7,Fluminense,"32,068",Estádio Governador Magalhães Pinto,Flavio Rodrigues de Souza,60%,40%,435,537,277,357,0,19,6,8,4,6,0,0,19,7,5,2,32,6,639,484,25,14,9,7,15,8,7,38,1,0,2,20,22,17,59,73
24,Mon,2024-08-26,21:00,Vasco da Gama,0.7,2–1,0.7,Ath Paranaense,"16,433",Estádio Club de Regatas Vasco da Gama,,46%,54%,294,381,359,453,4,7,4,9,3,4,2,4,10,11,4,5,25,16,480,538,18,9,10,7,11,9,20,24,4,1,5,4,14,29,60,63
5,Wed,2024-08-28,19:30,Cruzeiro,1.7,0–0,0.0,Internacional,"35,238",Estádio Governador Magalhães Pinto,,69%,31%,415,527,147,234,3,18,0,1,0,0,3,3,12,13,10,3,43,6,610,349,11,11,4,10,21,20,11,45,1,1,5,19,26,9,76,74
19,Wed,2024-08-28,19:30,Criciúma,0.9,1–0,1.1,RB Bragantino,"11,849",Estádio Heriberto Hülse,André Luiz Skettino Policarpo Bento,49%,51%,305,398,310,412,2,13,6,15,6,6,1,2,17,15,6,8,16,28,524,531,20,20,8,10,23,10,31,15,0,1,8,8,22,15,88,71
25,Sat,2024-08-31,17:30 (18:30),Cuiabá,1.2,2–1,0.6,Criciúma,"4,095",Arena Pantanal,Rodrigo José Pereira de Lima,45%,55%,353,435,449,529,3,22,3,12,2,3,1,3,16,9,5,5,24,15,537,646,15,11,7,8,19,14,13,32,0,3,7,13,21,24,65,74
25,Sun,2024-09-01,11:00,Cruzeiro,1.7,3–1,1.4,Atl Goianiense,"50,000",Estádio Governador Magalhães Pinto,Gustavo Ervino Bauermann,49%,51%,390,473,410,484,5,10,4,17,3,4,3,5,13,7,8,3,21,22,572,587,24,13,6,14,5,11,16,18,0,3,11,7,18,14,63,55
25,Sun,2024-09-01,11:00,Grêmio,2.0,2–3,2.8,Atlético Mineiro,"27,442",Arena do Grêmio,Raphael Claus,28%,72%,166,233,522,608,4,11,11,25,10,11,2,4,11,17,5,9,12,34,348,700,14,18,9,3,11,13,34,13,0,3,11,4,9,10,50,73
25,Sun,2024-09-01,16:00,Corinthians,1.6,2–1,1.3,Flamengo,"45,635",Neo Química Arena,Ramon Abatti,43%,57%,285,369,405,487,4,13,2,9,2,2,2,4,18,18,5,2,21,12,473,620,22,22,7,12,10,13,24,23,3,0,9,6,17,17,60,41
25,Sun,2024-09-01,18:30,Juventude,0.6,1–3,2.9,Internacional,"10,721",Estádio Alfredo Jaconi,Marcelo de Lima Henrique,37%,63%,196,307,437,531,5,14,7,18,4,7,4,5,13,17,6,4,21,19,408,645,19,8,10,3,21,20,13,26,0,1,8,6,18,30,75,69
25,Sun,2024-09-01,18:30,Vitória,1.4,0–1,0.4,Vasco da Gama,"20,923",Estádio Manoel Barradas,Luiz Flávio de Oliveira,47%,53%,334,434,379,480,5,21,6,9,5,6,5,5,7,7,10,3,33,16,543,603,14,26,11,9,22,21,17,36,1,2,5,11,23,16,62,68
25,Sun,2024-09-01,18:30,Fluminense,0.5,2–0,0.8,São Paulo,"45,759",Estadio Jornalista Mário Filho,Paulo Zanovelli,44%,56%,373,439,483,563,5,10,3,14,3,3,3,5,13,16,5,4,10,24,554,654,21,21,7,4,10,9,22,10,0,0,10,3,9,20,40,59
25,Sun,2024-09-01,18:30,RB Bragantino,1.0,2–1,0.8,Bahia,"3,921",Estádio Nabi Abi Chedid,Davi de Oliveira Lacerda,31%,69%,216,295,578,666,6,15,6,16,5,6,4,6,8,13,5,10,19,28,413,763,17,13,11,11,10,18,33,20,3,1,10,10,14,20,70,74
25,Sun,2024-09-01,18:30,Ath Paranaense,0.9,0–2,3.0,Palmeiras,"28,334",Ligga Arena,Braulio Machado,46%,54%,385,499,462,576,9,15,10,19,8,10,9,9,10,9,4,4,25,10,627,697,20,31,9,10,13,13,17,22,0,2,5,6,12,21,65,90
25,Sat,2024-08-31,21:00,Botafogo (RJ),1.8,2–0,0.4,Fortaleza,"32,564",Estádio Nilton Santos,Flavio Rodrigues de Souza,64%,36%,531,625,261,355,7,22,1,10,1,1,5,7,13,8,9,6,30,14,743,479,14,26,8,10,13,17,19,32,2,0,6,16,20,17,69,67
16,Thu,2024-09-05,19:00 (20:00),Cuiabá,0.7,0–0,0.6,Juventude,"4,826",Arena Pantanal,Felipe Fernandes de Lima,52%,48%,374,467,338,436,3,12,3,9,3,3,3,3,17,11,3,3,15,18,540,527,4,17,3,6,19,15,15,22,0,2,11,3,17,23,64,76
19,Wed,2024-09-11,19:30,Internacional,1.7,2–1,1.1,Fortaleza,"26,441",Estádio José Pinheiro Borba,Gustavo Ervino Bauermann,60%,40%,493,582,278,383,8,16,1,12,0,1,6,8,19,9,8,3,21,16,706,496,19,26,16,15,14,17,18,20,4,2,7,3,10,14,64,65
26,Sat,2024-09-14,16:00,Atl Goianiense,0.7,0–2,0.8,Vitória,"4,938",Estádio Antônio Accioly,Edina Alves,64%,36%,440,532,233,298,4,13,4,7,2,4,4,4,14,14,9,5,39,9,608,414,12,20,5,4,17,20,8,38,0,0,6,10,20,9,84,59
26,Sat,2024-09-14,18:30,Ath Paranaense,2.9,1–1,1.1,Fortaleza,"31,551",Ligga Arena,Davi de Oliveira Lacerda,56%,44%,424,542,328,423,8,30,3,10,2,3,7,8,12,10,13,4,29,18,646,559,8,16,8,14,20,21,15,34,3,0,8,12,24,8,73,91
26,Sun,2024-09-15,16:00,Palmeiras,1.9,5–0,0.7,Criciúma,"37,244",Allianz Parque,Alex Gomes Stefano,53%,47%,402,479,342,420,8,14,5,14,5,5,4,8,12,11,4,6,12,17,582,524,14,16,4,10,11,11,18,12,3,2,5,6,15,15,50,56
26,Sun,2024-09-15,16:00,RB Bragantino,1.7,2–2,0.8,Grêmio,"5,228",Estádio Nabi Abi Chedid,Bruno Arleu,47%,53%,259,345,289,384,5,22,4,8,2,4,4,5,12,7,6,7,21,16,463,488,13,12,5,8,11,17,20,24,2,1,5,18,20,15,59,65
26,Sun,2024-09-15,16:00,Juventude,0.6,2–1,0.7,Fluminense,"6,232",Estádio Alfredo Jaconi,Flavio Rodrigues de Souza,53%,47%,380,496,347,437,5,12,1,8,0,1,3,5,8,9,8,5,38,9,616,580,37,30,9,11,17,18,10,40,2,1,7,13,23,22,87,57
26,Sun,2024-09-15,18:30,Cruzeiro,0.6,0–1,1.1,São Paulo,"55,000",Estádio Governador Magalhães Pinto,Wilton Sampaio,61%,39%,467,564,280,361,1,14,4,14,3,4,1,1,11,10,7,7,30,15,657,484,14,16,8,5,14,19,17,48,1,1,5,11,28,12,63,80
26,Sun,2024-09-15,18:30,Flamengo,2.1,1–1,1.0,Vasco da Gama,"65,200",Estadio Jornalista Mário Filho,Raphael Claus,61%,39%,495,581,288,376,3,17,2,9,1,2,2,3,10,10,5,6,23,17,679,482,14,23,3,11,12,11,19,18,3,1,6,11,14,9,53,59
26,Sun,2024-09-15,18:30,Bahia,1.1,3–0,0.6,Atlético Mineiro,"26,420",Itaipava Arena Fonte Nova,Rafael Klein,54%,46%,483,562,392,473,4,16,2,5,2,2,1,4,17,16,6,1,13,9,673,575,28,15,7,14,10,6,12,21,1,3,0,12,13,12,45,47
26,Sat,2024-09-14,21:00,Botafogo (RJ),2.2,2–1,2.0,Corinthians,"32,718",Estádio Nilton Santos,Anderson Daronco,57%,43%,479,565,347,421,10,21,0,10,0,0,8,10,12,7,6,3,18,16,664,530,20,15,8,12,12,7,15,21,0,1,6,8,17,10,64,61
26,Mon,2024-09-16,20:00,Internacional,3.3,3–0,0.3,Cuiabá,"35,366",Estádio José Pinheiro Borba,Braulio Machado,67%,33%,620,703,275,345,6,14,0,2,0,0,4,6,8,10,2,3,17,7,793,453,19,19,7,14,7,9,5,16,3,2,4,10,22,14,53,55
27,Sat,2024-09-21,16:00,Vitória,1.1,1–0,0.9,Juventude,"24,479",Estádio Manoel Barradas,Braulio Machado,36%,64%,217,300,432,525,1,12,2,11,2,2,1,1,12,15,4,5,14,27,424,633,18,15,7,6,24,22,28,9,3,0,11,8,16,24,59,81
27,Sat,2024-09-21,16:00,Corinthians,2.5,3–0,0.7,Atl Goianiense,"46,001",Neo Química Arena,Bruno Arleu,60%,40%,512,618,314,405,6,17,3,14,3,3,3,6,7,17,6,1,22,11,719,522,24,16,14,15,12,13,9,18,3,1,10,9,17,14,56,67
27,Sat,2024-09-21,18:30,Fluminense,0.4,0–1,1.6,Botafogo (RJ),"22,000",Estadio Jornalista Mário Filho,Wilton Sampaio,49%,51%,374,452,383,467,5,13,6,9,5,6,5,5,13,17,5,4,21,12,578,575,19,22,3,7,11,11,19,23,0,3,5,7,17,24,46,59
27,Sun,2024-09-22,16:00,Vasco da Gama,0.3,0–1,1.4,Palmeiras,"25,755",Estádio Nacional de Brasília,Rafael Klein,54%,46%,359,470,299,398,3,10,3,14,2,3,3,3,8,14,5,5,26,16,590,535,17,23,14,8,19,16,23,34,0,2,8,10,25,25,65,67
27,Sun,2024-09-22,16:00,Atlético Mineiro,2.3,3–0,0.6,RB Bragantino,"34,533",Arena MRV,Lucas Paulo Torezin,50%,50%,323,439,323,447,7,12,3,8,3,3,4,7,14,9,4,2,19,18,558,540,16,12,10,5,24,13,27,24,2,1,9,7,21,33,100,71
27,Sun,2024-09-22,17:30 (18:30),Cuiabá,0.4,0–0,0.9,Cruzeiro,"5,948",Arena Pantanal,Flavio Rodrigues de Souza,48%,52%,402,483,424,513,4,9,2,13,2,2,4,4,10,10,4,5,17,18,589,604,11,19,7,5,8,6,27,15,2,0,5,8,29,18,79,87
27,Sun,2024-09-22,18:30,Grêmio,1.6,3–2,1.4,Flamengo,"48,504",Arena do Grêmio,Matheus Delgado Candançan,44%,56%,327,408,456,516,3,12,8,20,6,8,0,3,6,13,4,6,14,16,507,629,23,23,5,6,11,11,22,10,1,1,11,5,16,19,56,52
27,Sun,2024-09-22,18:30,São Paulo,0.8,1–3,1.0,Internacional,"35,111",Estádio do Morumbi,Ramon Abatti,61%,39%,420,509,239,325,2,7,6,14,3,6,1,2,18,16,2,4,12,16,606,438,18,21,5,7,14,15,19,16,6,2,9,4,28,17,71,51
27,Sun,2024-09-22,20:00,Criciúma,1.4,0–0,0.6,Ath Paranaense,"12,765",Estádio Heriberto Hülse,Anderson Daronco,64%,36%,432,548,205,314,6,26,3,10,3,3,6,6,11,12,12,1,37,10,684,452,15,18,17,12,29,22,17,37,0,0,6,14,23,14,73,80
27,Sat,2024-09-21,21:00,Fortaleza,1.5,4–1,0.4,Bahia,"42,051",Estádio Castelão,Raphael Claus,37%,63%,330,409,614,693,6,10,4,9,3,4,2,6,13,9,2,1,5,13,518,785,24,24,10,10,6,7,15,11,3,4,3,4,17,11,66,42
5,Wed,2024-09-25,19:00,Grêmio,1.6,1–2,0.8,Criciúma,"18,457",Arena do Grêmio,Davi de Oliveira Lacerda,65%,35%,568,661,280,360,3,15,4,11,2,4,2,3,8,12,6,3,28,16,763,504,16,26,4,9,11,13,21,45,0,1,4,5,24,14,53,53
16,Wed,2024-09-25,19:00,RB Bragantino,1.1,2–2,2.2,Internacional,"3,871",Estádio Nabi Abi Chedid,Rodrigo José Pereira de Lima,43%,57%,297,400,415,521,4,10,11,24,9,11,2,4,13,13,1,9,11,28,504,618,12,7,12,3,22,19,26,14,1,2,5,7,24,27,81,66
28,Sat,2024-09-28,18:30,Palmeiras,2.6,2–1,0.3,Atlético Mineiro,"16,040",Estádio Brinco de Ouro da Princesa,Bruno Arleu,44%,56%,288,376,378,473,6,13,3,6,2,3,6,6,15,10,7,3,17,17,489,585,11,16,7,7,5,9,17,20,2,1,6,6,26,12,65,60
28,Sun,2024-09-29,11:00,Juventude,1.0,1–1,1.2,RB Bragantino,"6,285",Estádio Alfredo Jaconi,Alex Gomes Stefano,52%,48%,340,427,290,387,6,12,6,15,5,6,5,6,9,19,4,5,20,18,531,489,11,18,10,11,15,15,20,20,1,0,6,9,26,19,74,71
28,Sun,2024-09-29,16:00,Fortaleza,0.8,1–0,0.1,Cuiabá,"42,000",Estádio Castelão,Denis da Silva Ribeiro Serafim,53%,47%,422,503,347,447,6,15,1,2,1,1,5,6,18,9,7,3,21,9,618,547,19,18,10,11,11,14,18,15,2,7,4,7,19,23,89,70
28,Sun,2024-09-29,16:00,Atl Goianiense,1.4,1–0,1.5,Fluminense,"7,871",Estádio Antônio Accioly,Ramon Abatti,40%,60%,275,352,457,539,7,16,2,13,2,2,6,7,15,14,4,3,17,15,460,638,14,14,11,4,12,10,29,17,2,0,9,13,14,26,56,54
28,Sun,2024-09-29,16:00,São Paulo,2.9,3–1,0.8,Corinthians,"25,888",Estádio Nacional de Brasília,Rafael Klein,52%,48%,344,412,294,374,7,18,3,11,2,3,5,7,18,17,7,2,17,14,512,459,15,10,7,5,12,14,19,16,2,2,7,8,7,15,68,59
28,Sun,2024-09-29,18:30,Bahia,2.6,1–0,0.1,Criciúma,"24,574",Itaipava Arena Fonte Nova,Edina Alves,54%,46%,464,557,383,473,6,21,1,2,1,1,5,6,10,8,9,1,20,11,668,566,18,19,10,9,11,10,17,19,0,5,3,13,24,21,60,89
28,Sun,2024-09-29,18:30,Internacional,2.4,3–1,0.7,Vitória,"45,112",Estádio José Pinheiro Borba,Wagner do Nascimento Magalhães,53%,47%,448,537,376,470,4,9,4,7,3,4,2,4,26,8,2,6,12,19,646,575,19,20,7,13,19,12,25,21,0,4,2,2,22,24,63,60
28,Sun,2024-09-29,18:30,Cruzeiro,0.8,1–1,1.1,Vasco da Gama,"56,331",Estádio Governador Magalhães Pinto,Matheus Delgado Candançan,57%,43%,407,509,304,390,6,15,4,13,3,4,5,6,7,6,11,4,26,19,607,519,11,19,9,10,12,10,18,39,1,0,10,13,25,13,80,65
28,Sun,2024-09-29,20:00,Flamengo,0.7,1–0,0.4,Ath Paranaense,"30,022",Estadio Jornalista Mário Filho,Davi de Oliveira Lacerda,69%,31%,670,754,248,344,4,17,1,7,1,1,3,4,12,13,6,1,20,13,876,467,16,31,7,18,9,14,15,28,2,3,6,6,23,23,48,56
28,Sat,2024-09-28,21:00,Botafogo (RJ),1.0,0–0,0.7,Grêmio,"42,220",Estádio Nacional de Brasília,Maguielson Lima Barbosa,62%,38%,449,527,240,318,3,15,4,11,4,4,3,3,10,14,5,3,29,11,619,414,19,12,7,14,2,10,10,28,2,0,7,12,21,19,58,49
29,Thu,2024-10-03,19:00,Criciúma,1.3,2–0,0.4,Atl Goianiense,"12,343",Estádio Heriberto Hülse,João Vitor Gobi,46%,54%,317,420,376,484,5,17,3,14,3,3,3,5,16,7,7,6,20,23,546,619,22,23,12,14,12,7,25,23,1,1,10,9,14,18,70,49
29,Thu,2024-10-03,21:30,Fluminense,1.6,1–0,1.4,Cruzeiro,"30,242",Estadio Jornalista Mário Filho,Gustavo Ervino Bauermann,48%,52%,340,429,377,471,5,14,4,13,4,4,4,5,19,16,2,2,15,16,563,596,23,23,16,14,8,20,16,15,1,1,7,9,27,17,62,39
29,Sat,2024-10-05,16:30,RB Bragantino,0.8,0–0,1.4,Palmeiras,"9,989",Estádio Nabi Abi Chedid,Braulio Machado,42%,58%,280,393,449,549,5,17,5,14,5,5,5,5,7,14,1,3,12,16,502,664,15,18,7,10,18,11,23,22,3,0,12,10,23,15,66,75
29,Sat,2024-10-05,16:30,Atlético Mineiro,1.0,2–2,1.1,Vitória,"34,910",Arena MRV,Matheus Delgado Candançan,56%,44%,434,522,327,417,3,14,3,10,1,3,1,3,13,14,2,5,12,20,609,501,10,16,9,9,22,12,19,14,1,3,3,7,17,18,69,54
29,Sat,2024-10-05,16:30,Ath Paranaense,1.6,0–1,1.2,Botafogo (RJ),"22,726",Ligga Arena,Flavio Rodrigues de Souza,54%,46%,401,514,326,433,3,26,3,11,2,3,3,3,8,20,8,3,35,13,645,577,24,19,11,13,23,20,14,40,0,2,4,17,31,7,93,63
29,Sat,2024-10-05,18:00 (19:00),Cuiabá,0.8,2–0,0.5,São Paulo,"11,883",Arena Pantanal,Anderson Daronco,23%,77%,152,230,685,790,3,7,3,12,3,3,1,3,12,8,3,7,9,39,347,867,10,5,13,6,13,18,38,11,1,1,11,2,16,26,69,65
29,Sat,2024-10-05,19:00,Bahia,0.8,0–2,2.5,Flamengo,"43,433",Itaipava Arena Fonte Nova,Rafael Klein,47%,53%,405,497,472,568,2,9,6,13,5,6,2,2,20,11,3,7,10,12,604,659,15,15,19,12,13,8,19,6,3,4,9,6,16,13,54,50
29,Sat,2024-10-05,19:00,Corinthians,1.9,2–2,0.6,Internacional,"44,866",Neo Química Arena,Lucas Paulo Torezin,53%,47%,386,484,330,421,5,14,2,9,0,2,4,5,11,14,9,9,20,22,600,538,17,19,3,6,12,7,26,24,3,0,10,5,27,26,89,59
29,Fri,2024-10-04,21:30,Grêmio,1.6,3–1,0.3,Fortaleza,"22,204",Arena do Grêmio,Davi de Oliveira Lacerda,38%,62%,287,386,514,620,5,16,5,7,4,5,2,5,11,9,10,2,21,13,494,719,14,16,10,9,14,10,19,20,2,1,2,9,19,20,65,100
29,Sat,2024-10-05,21:00,Vasco da Gama,1.2,1–1,1.6,Juventude,"18,036",Estádio Club de Regatas Vasco da Gama,Caio Max Augusto Vieira,55%,45%,345,449,257,372,3,16,5,17,4,5,2,3,14,13,3,6,14,26,584,505,21,20,9,11,23,18,29,16,3,1,13,8,23,17,65,74
6,Wed,2024-10-09,19:30,Atlético Mineiro,1.8,2–1,1.4,Grêmio,"22,053",Arena MRV,Luiz Flávio de Oliveira,44%,56%,325,391,407,496,4,13,4,14,3,4,3,4,15,7,4,10,9,26,509,590,21,16,5,6,14,14,32,9,0,1,5,10,11,15,66,53
30,Thu,2024-10-17,20:00,Corinthians,1.8,5–2,1.6,Ath Paranaense,"44,399",Neo Química Arena,Wilton Sampaio,60%,40%,503,594,304,393,8,14,6,22,4,6,3,8,9,7,3,8,5,28,711,515,24,18,7,13,8,16,17,12,0,2,12,4,18,18,62,83
30,Thu,2024-10-17,20:00,Flamengo,1.5,0–2,1.7,Fluminense,"58,117",Estadio Jornalista Mário Filho,Raphael Claus,60%,40%,465,573,297,387,5,20,2,11,0,2,5,5,15,15,5,1,32,10,695,528,19,21,5,4,22,6,14,39,3,1,5,8,19,22,47,61
30,Wed,2024-10-16,21:45,Fortaleza,0.7,1–1,1.4,Atlético Mineiro,"23,046",Estádio Castelão,Rafael Klein,46%,54%,330,417,416,487,1,14,5,18,4,5,0,1,9,10,7,3,15,20,513,598,15,16,5,7,8,13,19,21,0,3,9,9,17,17,76,55
30,Wed,2024-10-16,21:45,São Paulo,1.3,3–0,1.0,Vasco da Gama,"15,947",Estádio Brinco de Ouro da Princesa,Davi de Oliveira Lacerda,48%,52%,376,450,401,487,6,14,3,9,3,3,3,6,8,6,3,5,13,17,554,568,14,13,8,6,21,9,22,13,1,1,5,6,16,21,39,74
30,Fri,2024-10-18,19:00,Atl Goianiense,1.2,0–0,0.4,Cuiabá,"3,622",Estádio Antônio Accioly,Braulio Machado,60%,40%,435,536,248,353,4,16,0,6,0,0,4,4,17,15,8,4,37,12,654,461,13,18,7,12,18,13,12,40,0,1,2,11,28,12,65,75
30,Fri,2024-10-18,20:00,Botafogo (RJ),2.5,1–1,0.3,Criciúma,"64,727",Estadio Jornalista Mário Filho,Matheus Delgado Candançan,72%,28%,638,747,197,288,7,25,3,6,2,3,6,7,12,10,9,1,31,6,847,426,15,18,5,11,18,23,11,43,1,2,4,15,22,17,55,72
30,Sat,2024-10-19,16:00,Internacional,1.8,1–0,0.5,Grêmio,"48,049",Estádio José Pinheiro Borba,Bruno Arleu,63%,37%,444,543,209,320,6,18,7,9,7,7,5,6,14,15,3,6,14,15,651,429,15,17,13,9,26,18,13,14,1,1,4,7,28,31,45,63
30,Sat,2024-10-19,16:00,Vitória,1.3,1–0,0.7,RB Bragantino,"25,189",Estádio Manoel Barradas,Denis da Silva Ribeiro Serafim,50%,50%,357,442,347,444,3,11,0,9,0,0,2,3,15,8,5,5,18,18,549,544,14,14,10,7,16,14,23,25,2,0,10,10,23,20,67,59
30,Fri,2024-10-18,21:30,Cruzeiro,1.2,1–1,1.3,Bahia,"34,473",Estádio Governador Magalhães Pinto,Flavio Rodrigues de Souza,49%,51%,363,449,388,476,3,11,4,10,3,4,2,3,10,8,5,7,22,19,541,563,7,11,6,10,8,12,16,18,2,5,8,6,18,22,45,74
30,Sun,2024-10-20,20:00,Juventude,2.1,3–5,2.6,Palmeiras,"10,102",Estádio Alfredo Jaconi,Alex Gomes Stefano,52%,48%,304,390,281,361,6,25,7,14,2,7,3,6,15,19,7,5,33,10,513,498,23,20,8,6,16,15,9,30,1,5,6,8,11,15,75,88
17,Tue,2024-10-22,19:30,Fluminense,1.4,1–0,0.5,Ath Paranaense,"39,465",Estadio Jornalista Mário Filho,Braulio Machado,75%,25%,675,771,171,261,5,14,2,6,2,2,4,5,9,15,5,3,24,10,859,368,15,22,5,9,19,18,14,34,1,1,7,5,16,15,61,73
19,Thu,2024-10-24,19:00,Vasco da Gama,0.8,1–0,0.6,Cuiabá,"16,696",Estádio Club de Regatas Vasco da Gama,Wilton Sampaio,49%,51%,338,433,365,456,2,13,2,13,2,2,1,2,16,14,3,2,10,14,554,583,20,26,10,6,10,15,29,16,0,1,12,5,28,31,80,49
31,Sat,2024-10-26,16:30,Grêmio,2.0,3–1,1.5,Atl Goianiense,"36,959",Arena do Grêmio,Edina Alves,48%,52%,337,401,360,430,5,11,4,12,3,4,2,5,14,18,4,3,8,16,502,524,14,26,8,6,10,7,15,10,0,0,6,8,12,12,37,48
31,Sat,2024-10-26,16:30,Flamengo,2.4,4–2,0.6,Juventude,"65,700",Estadio Jornalista Mário Filho,Braulio Machado,74%,26%,579,665,161,236,9,19,3,5,1,3,6,9,8,14,8,1,21,9,744,339,15,18,7,9,14,4,6,20,2,1,3,8,19,11,46,64
31,Sat,2024-10-26,16:30,Palmeiras,3.7,2–2,0.9,Fortaleza,"40,321",Allianz Parque,Ramon Abatti,59%,41%,424,527,271,363,4,14,3,11,1,3,4,4,9,17,3,3,23,12,626,472,12,15,2,10,12,12,18,19,0,0,6,12,20,22,71,69
31,Sat,2024-10-26,16:30,Vitória,1.4,2–1,0.6,Fluminense,"29,497",Estádio Manoel Barradas,Flavio Rodrigues de Souza,49%,51%,366,449,381,460,2,11,4,11,4,4,1,2,15,7,7,5,33,11,563,574,21,19,13,4,13,10,13,26,2,2,4,7,15,18,58,41
31,Sat,2024-10-26,18:30,Ath Paranaense,1.4,3–0,0.1,Cruzeiro,"35,959",Ligga Arena,Rodrigo José Pereira de Lima,57%,43%,489,567,339,421,6,19,0,2,0,0,3,6,14,14,7,1,25,4,649,501,12,14,6,6,20,6,7,18,0,0,3,12,16,19,98,50
31,Sat,2024-10-26,19:00,RB Bragantino,0.2,0–1,1.3,Botafogo (RJ),"7,400",Estádio Nabi Abi Chedid,Anderson Daronco,39%,61%,223,319,392,500,1,6,4,19,3,4,1,1,13,17,3,6,11,20,444,610,14,17,13,4,13,22,25,13,1,3,13,7,27,31,83,84
31,Sat,2024-10-26,19:00,Atlético Mineiro,1.1,1–3,1.8,Internacional,"27,028",Arena MRV,Marcelo de Lima Henrique,57%,43%,271,394,184,297,2,6,6,10,4,6,2,2,15,15,3,3,12,14,499,427,19,12,7,10,28,19,23,37,2,1,6,6,21,25,100,65
31,Sat,2024-10-26,22:00,Criciúma,0.8,1–1,0.8,São Paulo,"17,422",Estádio Heriberto Hülse,Rafael Rodrigo Klein,31%,69%,231,317,611,709,3,10,3,16,2,3,2,3,13,10,6,7,24,31,446,818,19,15,10,5,11,12,41,21,0,0,8,8,13,13,66,43
31,Mon,2024-10-28,18:00 (19:00),Cuiabá,0.3,0–1,1.3,Corinthians,"16,680",Arena Pantanal,Bruno Arleu,56%,44%,404,491,311,382,5,13,2,8,2,2,5,5,14,16,5,2,20,7,583,509,14,21,10,8,9,10,9,30,1,5,4,6,25,14,67,51
31,Mon,2024-10-28,21:00,Vasco da Gama,1.9,3–2,2.0,Bahia,"17,213",Estádio Club de Regatas Vasco da Gama,Raphael Claus,48%,52%,395,483,439,529,7,14,7,12,5,7,5,7,11,9,2,4,11,18,609,643,27,23,18,8,19,12,15,16,2,0,7,3,19,27,76,45
17,Wed,2024-10-30,19:00,Internacional,1.5,1–1,1.7,Flamengo,"43,729",Estádio José Pinheiro Borba,Davi de Oliveira Lacerda,47%,53%,363,443,412,500,4,18,2,11,2,2,3,4,14,10,5,5,24,12,564,616,18,26,9,5,13,13,13,25,1,5,6,10,22,17,60,59
32,Sat,2024-11-02,16:00,RB Bragantino,1.0,0–0,0.4,Cuiabá,"4,103",Estádio Nabi Abi Chedid,Marcelo de Lima Henrique,66%,34%,509,611,207,308,4,18,1,7,1,1,4,4,8,11,11,5,40,15,723,422,21,18,10,6,9,20,14,33,0,0,8,23,20,25,85,79
32,Sat,2024-11-02,18:30,Ath Paranaense,1.3,1–2,1.1,Vitória,"40,666",Ligga Arena,Luiz Flávio de Oliveira,64%,36%,437,562,210,319,5,25,5,11,3,5,4,5,8,13,9,3,38,13,667,448,12,16,16,10,23,23,13,40,2,0,10,12,33,21,88,71
32,Sat,2024-11-02,18:30,Juventude,1.2,0–3,0.9,Fortaleza,"7,419",Estádio Alfredo Jaconi,Raphael Claus,59%,41%,394,494,247,345,6,17,4,11,1,4,6,6,7,14,5,3,32,12,595,451,11,15,8,6,12,11,10,27,2,4,4,13,29,26,69,80
32,Fri,2024-11-01,21:00,Fluminense,2.3,2–2,1.4,Grêmio,"35,278",Estadio Jornalista Mário Filho,Matheus Delgado Candançan,63%,37%,522,615,291,366,7,18,2,6,1,2,5,7,15,14,8,2,23,10,710,484,24,10,6,8,9,8,4,31,4,0,3,9,23,14,44,47
32,Mon,2024-11-04,20:00,Corinthians,0.8,2–0,1.0,Palmeiras,"46,085",Neo Química Arena,Wilton Sampaio,41%,59%,272,364,395,518,4,6,4,17,4,4,2,4,18,13,2,9,5,31,497,631,20,16,17,8,17,16,38,12,1,4,6,3,17,25,66,76
32,Tue,2024-11-05,21:30,Bahia,1.5,0–3,1.1,São Paulo,"29,599",Itaipava Arena Fonte Nova,Alex Gomes Stefano,52%,48%,414,489,380,447,6,24,4,10,1,4,6,6,13,16,10,3,33,11,594,567,16,14,11,8,12,12,9,35,0,1,4,11,15,13,54,61
32,Tue,2024-11-05,21:30,Internacional,1.5,2–0,0.1,Criciúma,"29,097",Estádio José Pinheiro Borba,Felipe Fernandes de Lima,68%,32%,549,641,214,300,9,20,4,5,4,4,7,9,15,13,7,3,19,7,762,439,21,17,11,9,12,10,12,33,2,4,1,9,16,13,43,72
32,Tue,2024-11-05,21:30,Botafogo (RJ),2.6,3–0,0.6,Vasco da Gama,"32,007",Estádio Nilton Santos,Bruno Arleu,64%,36%,558,631,303,362,5,20,3,11,3,3,2,5,13,8,7,4,32,11,722,457,17,12,4,7,12,13,8,24,3,0,5,7,15,12,59,46
32,Wed,2024-11-06,21:00,Atl Goianiense,1.0,1–0,0.7,Atlético Mineiro,"3,791",Estádio Antônio Accioly,Jonathan Benkenstein Pinheiro,38%,62%,234,329,439,539,3,13,5,12,5,5,2,3,11,13,4,7,12,22,432,657,15,24,9,13,16,12,16,16,0,1,12,10,21,16,70,64
32,Wed,2024-11-06,21:00,Cruzeiro,0.7,0–1,0.4,Flamengo,"20,855",Estádio Raimundo Sampaio,Gustavo Ervino Bauermann,52%,48%,386,474,354,430,5,15,2,10,1,2,5,5,8,13,7,4,20,12,558,537,17,10,6,14,5,6,11,32,1,3,7,9,17,16,67,71
33,Fri,2024-11-08,19:00,Internacional,1.2,2–0,0.9,Fluminense,"35,877",Estádio José Pinheiro Borba,Luiz Flávio de Oliveira,51%,49%,440,534,401,504,5,15,2,9,2,2,3,5,11,10,4,4,23,21,668,623,21,23,18,13,13,13,23,24,4,0,5,12,22,21,71,85
33,Sat,2024-11-09,16:30,Botafogo (RJ),2.6,0–0,0.2,Cuiabá,"41,899",Estádio Nilton Santos,Rodrigo José Pereira de Lima,74%,26%,625,737,158,259,5,28,1,4,1,1,5,5,8,14,8,1,50,4,835,384,9,20,12,5,18,19,6,41,5,0,2,22,28,12,58,81
33,Sat,2024-11-09,16:30,Vitória,1.6,1–2,0.9,Corinthians,"30,973",Estádio Manoel Barradas,Bruno Arleu,42%,58%,257,358,416,499,2,9,7,13,5,7,1,2,11,11,14,4,31,9,460,609,17,13,15,9,5,10,18,32,2,0,5,9,15,21,53,63
33,Sat,2024-11-09,19:00,Fortaleza,2.3,3–0,0.2,Vasco da Gama,"45,271",Estádio Castelão,Lucas Paulo Torezin,41%,59%,301,383,471,554,8,14,2,4,2,2,5,8,13,11,5,1,13,11,481,642,13,14,8,12,6,6,12,21,2,3,5,9,20,16,63,78
33,Sat,2024-11-09,19:00,Cruzeiro,3.2,2–1,1.1,Criciúma,"29,287",Estádio Governador Magalhães Pinto,Wagner do Nascimento Magalhães,63%,37%,546,645,281,374,9,26,7,12,6,7,7,9,13,11,6,5,12,18,742,478,8,19,8,8,13,16,18,14,1,2,9,10,23,11,61,69
33,Sat,2024-11-09,19:00,Juventude,2.2,2–1,0.7,Bahia,"6,091",Estádio Alfredo Jaconi,Wilton Sampaio,39%,61%,271,364,478,579,8,20,3,8,2,3,6,8,11,9,7,2,27,15,476,674,15,14,8,6,16,9,16,21,3,1,5,10,17,19,62,71
33,Sat,2024-11-09,19:00,Atl Goianiense,0.4,0–0,1.6,RB Bragantino,"2,419",Estádio Antônio Accioly,Anderson Daronco,41%,59%,260,358,408,511,4,10,6,17,6,6,4,4,14,11,7,6,21,29,473,612,18,14,16,6,16,16,22,22,1,0,6,8,14,20,72,61
33,Fri,2024-11-08,21:30,Palmeiras,2.8,1–0,0.6,Grêmio,"33,670",Allianz Parque,Marcelo de Lima Henrique,61%,39%,380,503,219,327,14,33,0,6,0,0,13,14,14,9,14,1,33,5,637,471,22,19,10,6,19,21,23,37,5,3,5,19,20,22,79,64
33,Sat,2024-11-09,21:00,São Paulo,1.4,2–1,0.2,Ath Paranaense,"34,777",Estádio do Morumbi,Rafael Klein,77%,23%,625,713,139,210,3,10,3,9,2,3,1,3,5,20,5,6,25,15,780,317,9,13,5,20,10,14,16,28,3,2,6,9,28,13,70,55
33,Wed,2024-11-13,20:00,Flamengo,2.1,0–0,0.8,Atlético Mineiro,"63,441",Estadio Jornalista Mário Filho,Davi de Oliveira Lacerda,54%,46%,402,495,343,430,5,24,2,16,2,2,5,5,14,7,7,4,23,17,625,575,17,25,9,4,18,12,15,39,0,1,6,12,20,19,57,75
19,Sat,2024-11-16,18:30,Ath Paranaense,1.5,1–0,0.4,Atlético Mineiro,"40,935",Ligga Arena,Matheus Delgado Candançan,30%,70%,199,283,542,651,5,17,3,13,3,3,4,5,11,10,4,3,13,28,400,740,13,12,17,3,24,22,33,15,1,1,13,15,12,24,84,67
34,Wed,2024-11-20,11:00,Corinthians,3.1,2–1,0.3,Cruzeiro,"46,056",Neo Química Arena,Jonathan Benkenstein Pinheiro,45%,55%,350,426,456,519,8,13,1,8,0,1,6,8,13,15,3,4,7,13,515,621,22,10,7,13,5,10,16,15,1,1,9,3,19,18,63,36
34,Wed,2024-11-20,16:30,Criciúma,0.9,0–1,1.1,Vitória,"12,123",Estádio Heriberto Hülse,Rafael Klein,49%,51%,379,469,397,482,1,13,3,14,2,3,1,1,11,18,6,5,26,21,570,595,14,24,2,8,19,14,30,22,2,3,9,10,19,18,70,52
34,Wed,2024-11-20,16:30,Ath Paranaense,2.0,2–0,1.2,Atl Goianiense,"42,177",Ligga Arena,Alex Gomes Stefano,37%,63%,242,331,459,560,7,10,5,20,5,5,5,7,9,8,6,9,18,25,464,662,30,11,6,7,16,13,37,19,1,1,7,7,13,26,64,79
34,Wed,2024-11-20,16:30,RB Bragantino,1.7,1–1,0.4,São Paulo,"9,017",Estádio Nabi Abi Chedid,Wilton Sampaio,43%,57%,296,374,400,486,5,18,2,10,1,2,4,5,16,12,1,1,16,13,491,581,22,19,8,7,12,13,20,17,0,0,9,15,17,21,44,80
34,Wed,2024-11-20,18:00 (19:00),Cuiabá,0.4,1–2,1.9,Flamengo,"12,891",Arena Pantanal,Edina Alves,37%,63%,245,324,482,560,3,5,7,19,5,7,2,3,6,10,4,10,10,22,438,656,14,15,5,6,11,8,30,9,1,2,14,4,13,18,66,58
34,Wed,2024-11-20,18:00,Bahia,1.8,1–2,0.5,Palmeiras,"36,445",Itaipava Arena Fonte Nova,Wagner do Nascimento Magalhães,57%,43%,410,508,286,386,5,17,2,11,0,2,4,5,15,14,4,5,21,23,607,486,11,10,11,10,18,13,20,22,3,4,4,8,8,17,58,66
34,Wed,2024-11-20,19:00,Grêmio,0.7,2–2,1.5,Juventude,"40,426",Arena do Grêmio,Bruno Arleu,57%,43%,420,509,294,388,3,11,4,10,2,4,2,3,17,16,5,4,17,18,634,503,21,25,13,10,16,19,18,26,1,0,8,6,19,14,67,61
34,Thu,2024-11-21,20:00,Vasco da Gama,0.9,0–1,1.0,Internacional,"17,339",Estádio Club de Regatas Vasco da Gama,Rodrigo José Pereira de Lima,49%,51%,356,470,389,493,0,12,7,16,6,7,0,0,8,10,8,3,34,20,590,637,18,15,11,12,15,10,31,36,5,0,10,10,18,25,64,55
34,Wed,2024-11-20,21:30,Atlético Mineiro,0.1,0–0,2.0,Botafogo (RJ),,Estádio Raimundo Sampaio,Luiz Flávio de Oliveira,31%,69%,180,265,492,595,0,3,4,27,4,4,0,0,9,11,1,11,5,48,382,698,11,17,10,3,14,28,41,15,3,0,21,5,20,15,75,64
35,Sat,2024-11-23,19:30,Juventude,1.4,1–1,0.6,Cuiabá,"6,932",Estádio Alfredo Jaconi,Matheus Delgado Candançan,59%,41%,462,567,287,386,4,19,1,7,0,1,3,4,9,7,6,5,31,17,683,495,22,17,12,11,11,10,14,28,2,1,4,12,25,22,61,73
35,Sat,2024-11-23,19:30,Botafogo (RJ),1.8,1–1,0.5,Vitória,"35,491",Estádio Nilton Santos,Ramon Abatti,73%,27%,607,738,187,275,9,26,4,10,3,4,9,9,10,7,10,0,55,6,853,459,9,22,10,8,26,23,10,66,1,1,8,14,28,11,76,55
35,Sat,2024-11-23,19:30,Atl Goianiense,0.2,0–1,1.1,Palmeiras,"11,216",Estádio Antônio Accioly,Jonathan Benkenstein Pinheiro,55%,45%,409,508,325,417,2,9,3,10,2,3,2,2,16,14,4,2,18,5,617,536,15,18,8,7,12,14,21,42,1,0,7,5,22,19,59,59
34,Fri,2024-11-22,21:30,Fluminense,0.9,2–2,1.2,Fortaleza,"37,969",Estadio Jornalista Mário Filho,Raphael Claus,74%,26%,657,740,199,261,5,10,5,11,3,5,3,5,9,11,8,3,26,9,821,367,9,18,6,9,6,10,14,35,1,2,4,3,31,11,47,52
35,Sun,2024-11-24,16:00,Internacional,2.9,4–1,0.3,RB Bragantino,"41,762",Estádio José Pinheiro Borba,Marcelo de Lima Henrique,55%,45%,379,469,298,390,6,15,1,5,0,1,3,6,16,12,8,4,16,13,586,501,19,17,15,11,9,10,18,22,1,1,7,8,23,23,62,55
35,Sun,2024-11-24,16:00,Bahia,1.8,1–1,0.8,Ath Paranaense,"26,307",Itaipava Arena Fonte Nova,Rodrigo José Pereira de Lima,73%,27%,626,715,180,262,8,25,3,6,2,3,7,8,7,13,11,1,46,3,813,381,19,22,2,9,13,17,2,41,1,4,3,15,17,8,47,67
35,Sun,2024-11-24,16:00,Corinthians,1.2,3–1,0.3,Vasco da Gama,"46,083",Neo Química Arena,Davi de Oliveira Lacerda,60%,40%,476,546,285,371,8,23,2,8,1,2,5,8,8,14,7,6,28,15,655,471,13,18,11,7,7,4,16,27,1,0,8,13,19,15,49,54
35,Sat,2024-11-23,21:30,São Paulo,1.0,2–2,1.0,Atlético Mineiro,"36,783",Estádio do Morumbi,Alex Gomes Stefano,54%,46%,509,599,423,507,4,13,3,3,1,3,3,4,11,11,7,1,22,4,685,630,12,18,11,11,7,10,4,26,0,0,2,11,20,10,46,58
35,Tue,2024-11-26,19:00,Fluminense,1.0,0–0,0.8,Criciúma,"41,240",Estadio Jornalista Mário Filho,Luiz Flávio de Oliveira,64%,36%,563,667,278,373,3,19,3,10,3,3,3,3,6,15,9,4,43,16,771,496,14,16,4,11,13,20,16,44,2,2,3,16,25,17,76,64
35,Tue,2024-11-26,20:00,Fortaleza,0.2,0–0,1.3,Flamengo,"57,624",Estádio Castelão,Anderson Daronco,39%,61%,269,355,466,553,1,7,4,16,4,4,1,1,16,14,5,5,17,11,447,647,15,16,11,6,11,15,13,18,1,1,9,7,18,23,66,62
36,Tue,2024-11-26,21:30,Palmeiras,1.5,1–3,1.6,Botafogo (RJ),"31,753",Allianz Parque,Wilton Sampaio,55%,45%,349,448,268,360,5,19,7,13,4,7,4,5,9,16,5,7,29,17,579,473,22,16,7,10,21,18,20,33,0,1,5,11,26,12,74,61
36,Tue,2024-11-26,21:30,Atlético Mineiro,3.1,2–3,1.0,Juventude,,Estádio Raimundo Sampaio,Flavio Rodrigues de Souza,64%,36%,492,581,233,330,4,20,7,13,4,7,3,4,13,8,9,5,30,12,701,432,19,13,5,11,22,17,19,30,0,2,2,10,17,11,90,78
35,Wed,2024-11-27,21:00,Cruzeiro,1.5,1–1,0.8,Grêmio,"21,009",Estádio Governador Magalhães Pinto,Raphael Claus,60%,40%,520,628,342,415,3,19,4,9,3,4,2,3,16,6,5,1,34,6,712,529,16,13,8,11,2,17,4,34,2,2,4,12,18,17,54,65
36,Sat,2024-11-30,18:30 (19:30),Cuiabá,1.6,1–2,1.1,Bahia,"2,613",Arena Pantanal,Davi de Oliveira Lacerda,44%,56%,371,451,499,566,1,11,3,12,1,3,0,1,9,8,3,4,19,19,543,669,16,21,9,14,8,12,17,10,5,1,7,10,14,16,74,48
36,Sat,2024-11-30,19:30,Criciúma,0.8,2–4,2.3,Corinthians,"18,075",Estádio Heriberto Hülse,Anderson Daronco,38%,62%,293,379,537,628,4,12,11,19,7,11,2,4,10,8,3,7,18,19,502,732,19,16,12,7,8,10,24,20,1,3,5,5,12,22,72,50
36,Sun,2024-12-01,16:00,Flamengo,2.1,3–2,1.1,Internacional,"56,571",Estadio Jornalista Mário Filho,Rodrigo José Pereira de Lima,55%,45%,395,476,308,393,10,17,6,12,4,6,7,10,14,12,6,4,12,13,588,490,24,19,11,8,12,9,16,16,4,2,3,6,16,25,53,59
36,Sun,2024-12-01,16:00,Grêmio,1.7,2–1,0.3,São Paulo,"39,197",Arena do Grêmio,Ramon Abatti,39%,61%,268,342,470,536,7,16,2,7,1,2,6,7,11,7,10,6,17,15,440,639,22,19,10,4,12,13,17,17,2,2,7,4,12,13,51,52
36,Sun,2024-12-01,18:30,Vitória,2.7,2–0,0.6,Fortaleza,"29,090",Estádio Manoel Barradas,Wilton Sampaio,29%,71%,195,246,519,606,8,19,2,11,2,2,6,8,13,10,7,8,11,31,363,684,11,13,5,6,12,9,40,11,1,0,4,6,11,21,59,50
36,Sun,2024-12-01,18:30,Ath Paranaense,1.1,1–1,1.3,Fluminense,"41,375",Ligga Arena,Raphael Claus,30%,70%,212,288,580,663,4,16,3,14,2,3,3,4,10,10,3,8,15,17,400,765,26,14,6,2,13,17,20,23,0,2,6,8,23,23,65,72
36,Sun,2024-12-01,18:30,RB Bragantino,0.4,1–1,1.4,Cruzeiro,"6,223",Estádio Nabi Abi Chedid,Rafael Klein,33%,67%,240,336,587,671,2,7,2,22,1,2,1,2,11,14,6,10,17,38,454,779,12,13,5,4,15,15,46,17,0,0,13,5,14,13,90,65
36,Sat,2024-11-30,21:30,Vasco da Gama,1.6,2–2,1.2,Atl Goianiense,"18,270",Estádio Club de Regatas Vasco da Gama,Lucas Paulo Torezin,61%,39%,542,636,328,413,7,16,5,12,3,5,5,7,10,10,5,3,27,6,713,511,11,7,10,5,16,18,11,34,1,3,5,8,27,15,56,66
37,Tue,2024-12-03,20:00,Corinthians,1.8,3–0,0.4,Bahia,"46,263",Neo Química Arena,Bruno Arleu,52%,48%,488,549,441,505,7,18,2,12,2,2,4,7,12,13,7,4,10,14,654,590,25,11,8,6,2,4,14,10,3,1,6,10,13,15,68,47
37,Wed,2024-12-04,19:00,Vasco da Gama,1.3,2–0,0.7,Atlético Mineiro,"17,074",Estádio Club de Regatas Vasco da Gama,Davi de Oliveira Lacerda,57%,43%,406,490,298,367,4,11,3,11,3,3,2,4,20,13,3,6,24,18,592,489,21,18,14,10,10,11,15,26,1,2,6,7,20,21,49,55
37,Wed,2024-12-04,20:00,Criciúma,0.7,0–3,1.8,Flamengo,"18,849",Estádio Heriberto Hülse,Wilton Sampaio,38%,62%,316,404,577,663,4,16,6,11,4,6,4,4,16,6,7,3,22,10,506,776,17,16,9,8,16,11,16,19,1,0,3,7,13,15,58,66
37,Wed,2024-12-04,20:00,São Paulo,0.5,1–2,1.1,Juventude,"31,442",Estádio do Morumbi,Savio Pereira,69%,31%,582,667,223,297,2,10,7,13,5,7,1,2,9,15,12,2,29,10,757,413,11,23,3,13,12,14,6,23,2,0,6,8,21,13,50,59
37,Wed,2024-12-04,20:00,Vitória,1.5,1–1,0.6,Grêmio,"26,842",Estádio Manoel Barradas,Alex Gomes Stefano,50%,50%,411,502,425,508,5,25,2,7,1,2,4,5,13,10,7,1,38,7,594,625,16,16,13,5,13,15,2,38,3,0,6,15,21,9,48,58
37,Thu,2024-12-05,20:00,Fluminense,2.0,1–0,0.0,Cuiabá,"59,730",Estadio Jornalista Mário Filho,Rafael Klein,59%,41%,471,552,312,391,5,23,3,3,3,3,4,5,14,9,10,3,25,6,654,504,10,24,11,8,8,10,8,27,1,1,3,13,19,12,48,61
37,Thu,2024-12-05,20:00,Ath Paranaense,1.8,1–2,0.7,RB Bragantino,"41,626",Ligga Arena,Rodrigo José Pereira de Lima,53%,47%,317,443,288,388,7,22,4,13,2,4,6,7,14,15,6,5,34,15,551,516,15,16,4,12,27,26,21,33,0,1,10,15,21,19,108,66
37,Wed,2024-12-04,21:30,Atl Goianiense,2.1,3–1,1.5,Fortaleza,"3,157",Estádio Antônio Accioly,Lucas Casagrande,55%,45%,417,508,322,410,8,27,3,11,2,3,5,8,13,16,5,3,22,16,629,532,12,21,11,11,15,15,16,28,2,0,7,9,17,18,65,66
37,Wed,2024-12-04,21:30,Internacional,0.9,0–1,0.1,Botafogo (RJ),"37,628",Estádio José Pinheiro Borba,Ramon Abatti,67%,33%,471,585,202,291,6,14,1,2,0,1,6,6,9,12,10,1,40,1,704,425,24,21,5,10,16,12,2,48,0,5,2,11,32,14,66,65
37,Wed,2024-12-04,21:30,Cruzeiro,0.7,1–2,2.8,Palmeiras,,Estádio Governador Magalhães Pinto,Anderson Daronco,46%,54%,373,464,452,541,3,9,11,31,9,11,2,3,14,13,7,6,26,36,592,665,10,16,8,12,9,11,38,27,1,0,10,6,18,17,55,66
38,Sun,2024-12-08,15:00 (16:00),Cuiabá,1.8,1–2,1.2,Vasco da Gama,"7,030",Arena Pantanal,Thaillan Azevedo Gomes,33%,67%,282,351,644,714,4,11,4,11,2,4,3,4,15,8,2,5,12,13,446,800,11,16,8,5,5,8,18,11,0,2,5,3,16,17,52,48
38,Sun,2024-12-08,16:00,Fortaleza,1.3,3–0,1.2,Internacional,"51,386",Estádio Castelão,Matheus Delgado Candançan,38%,62%,239,331,445,539,5,10,1,11,1,1,2,5,8,13,4,3,14,18,432,645,13,22,12,4,14,8,18,28,4,2,9,4,18,19,77,57
38,Sun,2024-12-08,16:00,Flamengo,1.9,2–2,0.8,Vitória,"67,113",Estadio Jornalista Mário Filho,Lucas Casagrande,66%,34%,577,661,257,334,4,23,5,12,3,5,2,4,7,8,6,4,18,13,761,463,17,16,5,14,15,14,11,29,0,2,6,9,20,17,45,75
38,Sun,2024-12-08,16:00,Grêmio,0.8,0–3,2.2,Corinthians,"42,945",Arena do Grêmio,Paulo Zanovelli,37%,63%,256,325,499,565,5,18,5,18,3,5,5,5,11,14,6,7,17,14,434,686,15,18,8,10,3,7,19,22,0,1,11,9,14,11,54,47
38,Sun,2024-12-08,16:00,Juventude,1.4,0–1,0.8,Cruzeiro,"13,518",Estádio Alfredo Jaconi,Edina Alves,50%,50%,330,412,333,407,7,21,1,8,0,1,7,7,13,13,8,1,32,6,504,502,11,10,11,9,14,10,16,27,0,3,4,11,24,17,64,38
38,Sun,2024-12-08,16:00,Atlético Mineiro,1.4,1–0,0.3,Ath Paranaense,,Arena MRV,Rafael Klein,62%,38%,410,487,212,303,6,13,4,7,4,4,5,6,12,16,5,4,19,18,585,390,6,14,5,6,16,18,36,28,0,2,6,8,20,16,74,67
38,Sun,2024-12-08,16:00,Palmeiras,0.4,0–1,0.9,Fluminense,"34,571",Allianz Parque,Ramon Abatti,57%,43%,349,474,245,355,3,11,5,7,4,5,3,3,14,11,11,2,39,5,582,482,26,18,8,12,20,20,10,31,2,0,3,17,27,29,70,78
38,Sun,2024-12-08,16:00,Bahia,2.8,2–0,0.8,Atl Goianiense,"48,476",Itaipava Arena Fonte Nova,Gustavo Ervino Bauermann,47%,53%,271,349,298,393,4,16,2,13,2,2,3,4,15,11,4,5,14,22,474,498,18,16,12,5,20,19,31,25,2,2,9,10,13,25,33,65
38,Sun,2024-12-08,16:00,RB Bragantino,3.1,5–1,0.4,Criciúma,"9,110",Estádio Nabi Abi Chedid,Savio Pereira,48%,52%,270,339,287,363,8,18,4,7,3,4,3,8,9,13,6,8,19,16,457,462,15,15,11,5,17,18,23,20,0,0,2,7,22,25,56,61
38,Sun,2024-12-08,16:00,Botafogo (RJ),1.9,2–1,0.4,São Paulo,"41,986",Estádio Nilton Santos,Anderson Daronco,46%,54%,479,527,557,616,7,17,1,5,0,1,5,7,8,3,3,0,11,1,601,687,13,21,7,6,10,3,5,8,1,0,2,11,11,9,32,53
